,state,date,value
107,NJ,20151002,4293.4148101629635
108,NJ,20151003,5977.121664361111
109,NJ,20151004,1903.5176731388888
110,NJ,20151005,20754.60116015999
111,NJ,20151006,12885.652476164578
112,NJ,20151007,14654.34668524614
113,NJ,20151008,13686.570760861114
114,NJ,20151009,12957.421997246529
115,NJ,20151010,8214.369404644289
116,NJ,20151011,13270.270612268792
117,NJ,20151012,11230.833790050412
118,NJ,20151013,11618.5797732806
119,NJ,20151014,17414.89094284835
120,NJ,20151015,14344.399877364038
121,NJ,20151016,14114.058795239038
122,NJ,20151017,12481.558529010868
123,NJ,20151018,9736.113259284208
124,NJ,20151019,9504.686973903259
125,NJ,20151020,10177.259460421175
126,NJ,20151021,11803.40248767628
127,NJ,20151022,13266.0556335
128,NJ,20151023,16915.553642123647
129,NJ,20151024,7148.044013212191
130,NJ,20151025,14851.360905846172
131,NJ,20151026,19706.87295535908
132,NJ,20151027,17714.570905694847
133,NJ,20151028,11098.673696972222
134,NJ,20151029,6605.895894049999
135,NJ,20151030,8754.546515757755
136,NJ,20151031,3942.57261825
137,NJ,20151101,9975.652106973052
138,NJ,20151102,6545.028571222222
139,NJ,20151103,8322.441426797808
140,NJ,20151104,4666.8936389097225
141,NJ,20151105,21483.372742719108
142,NJ,20151106,24911.576211565174
143,NJ,20151107,9194.23524932986
144,NJ,20151108,7219.067034222222
145,NJ,20151109,20909.375455470992
146,NJ,20151110,29736.31729943712
147,NJ,20151111,21035.249605809066
148,NJ,20151112,20977.85504598708
149,NJ,20151113,21734.45085778517
150,NJ,20151114,14541.967975957668
151,NJ,20151115,4524.379899549955
152,NJ,20151116,10910.147773500928
153,NJ,20151117,14750.616785889575
154,NJ,20151118,8082.793856648803
155,NJ,20151119,18009.8054233174
156,NJ,20151120,10340.5720384289
157,NJ,20151121,12847.625105165791
158,NJ,20151122,13133.95061848621
159,NJ,20151123,17700.810722270617
160,NJ,20151124,15392.94962311683
161,NJ,20151125,7256.844987602125
162,NJ,20151126,8095.649138090072
163,NJ,20151127,11652.861070545572
164,NJ,20151128,10610.702577728514
165,NJ,20151129,17994.260217508738
166,NJ,20151130,16176.972972819322
167,NJ,20151201,18357.80369319481
168,NJ,20151202,17961.390892707273
169,NJ,20151203,19292.86103778486
170,NJ,20151204,15578.759063287036
171,NJ,20151205,11675.988116122222
172,NJ,20151206,15356.41665575278
173,NJ,20151207,23029.206478566583
174,NJ,20151208,20280.91003300689
175,NJ,20151209,18644.834657426352
176,NJ,20151210,10503.738123402776
177,NJ,20151211,20408.77029085756
178,NJ,20151212,22989.304239570887
179,NJ,20151213,23662.768665692598
180,NJ,20151214,40524.81859267583
181,NJ,20151215,29344.977119350566
182,NJ,20151216,12806.966534038309
183,NJ,20151217,24127.159506417025
184,NJ,20151218,24647.364747506337
185,NJ,20151219,18121.148966387285
186,NJ,20151220,20812.91547280109
187,NJ,20151221,16540.194143110315
188,NJ,20151222,19494.64135725721
189,NJ,20151223,29586.98224074221
190,NJ,20151224,28575.552564299385
191,NJ,20151225,19847.770852712423
192,NJ,20151226,11035.346509880212
193,NJ,20151227,11804.754266880926
194,NJ,20151228,15185.49863852584
195,NJ,20151229,17762.431545181
196,NJ,20151230,17437.41719025185
197,NJ,20151231,11229.607977564516
198,NJ,20160101,12954.025527117405
199,NJ,20160102,21430.47265371242
200,NJ,20160103,20041.631751057124
201,NJ,20160104,20886.69353106575
202,NJ,20160105,19700.983559423817
203,NJ,20160106,45319.70688647126
204,NJ,20160107,27064.568044220956
205,NJ,20160108,33094.5904271023
206,NJ,20160109,31114.5463643058
207,NJ,20160110,20938.578203847068
208,NJ,20160111,25512.063303745424
209,NJ,20160112,23667.517385452327
210,NJ,20160113,19164.739488795985
211,NJ,20160114,26659.227638617318
212,NJ,20160115,27504.1869169591
213,NJ,20160116,30219.41010438143
214,NJ,20160117,23583.9302349829
215,NJ,20160118,24726.97072121644
216,NJ,20160119,19457.71682334997
217,NJ,20160120,29033.40620646156
218,NJ,20160121,21753.50766309569
219,NJ,20160122,23373.213438073
220,NJ,20160123,20056.27123565011
221,NJ,20160124,24412.058085425302
222,NJ,20160125,19878.827989105703
223,NJ,20160126,25990.193435402813
224,NJ,20160127,33473.0090456944
225,NJ,20160128,34033.720515286535
226,NJ,20160129,37981.55213734576
227,NJ,20160130,37857.3145852839
228,NJ,20160131,28251.63091889852
229,NJ,20160201,49952.06225893989
230,NJ,20160202,49200.515067842854
231,NJ,20160203,28049.232510905767
232,NJ,20160204,45112.861433565566
233,NJ,20160205,22612.665946185287
234,NJ,20160206,21401.193869268216
235,NJ,20160207,36552.152273735504
236,NJ,20160208,64315.40182212862
237,NJ,20160209,48073.43759666308
238,NJ,20160210,34916.31549835877
239,NJ,20160211,40699.038505035955
240,NJ,20160212,36506.00913909111
241,NJ,20160213,26215.99744507252
242,NJ,20160214,33934.648398483005
243,NJ,20160215,47747.99957086493
244,NJ,20160216,43429.62088470376
245,NJ,20160217,53357.88071361816
246,NJ,20160218,45567.52587435214
247,NJ,20160219,42040.093222035735
248,NJ,20160220,23343.973219988824
249,NJ,20160221,23252.78081615756
250,NJ,20160222,38318.410639639515
251,NJ,20160223,25986.863367297843
252,NJ,20160224,55590.09709303118
253,NJ,20160225,59016.85774110226
254,NJ,20160226,77047.58361840631
255,NJ,20160227,58775.857014247966
256,NJ,20160228,66202.3773268862
257,NJ,20160229,78161.304205159
258,NJ,20160301,61610.44992985237
259,NJ,20160302,75380.09277381263
260,NJ,20160303,54803.457805748185
261,NJ,20160304,56970.84197586707
262,NJ,20160305,56419.35176982247
263,NJ,20160306,88839.60966233622
264,NJ,20160307,78366.46750082474
265,NJ,20160308,71642.15025657519
266,NJ,20160309,81060.55826603233
267,NJ,20160310,82998.34595270244
268,NJ,20160311,72234.45161691622
269,NJ,20160312,55869.070264322894
270,NJ,20160313,68518.21542736543
271,NJ,20160314,60933.3721814578
272,NJ,20160315,54318.245679959786
273,NJ,20160316,58628.107136547136
274,NJ,20160317,44961.240429267214
275,NJ,20160318,59638.21833991102
276,NJ,20160319,46631.58747324954
277,NJ,20160320,47153.15718983575
278,NJ,20160321,47589.75921323749
279,NJ,20160322,28474.983132924135
280,NJ,20160323,41090.88568391547
281,NJ,20160324,27817.729016386078
282,NJ,20160325,43979.381245788456
283,NJ,20160326,29666.907689313175
284,NJ,20160327,25358.665782556
285,NJ,20160328,33105.56937599942
286,NJ,20160329,36840.65069435819
287,NJ,20160330,45923.45778945055
288,NJ,20160331,42693.41744915265
289,NJ,20160401,41504.33217308238
290,NJ,20160402,42731.67964610775
291,NJ,20160403,33272.366955451456
292,NJ,20160404,31131.015344556337
293,NJ,20160405,41293.155273182536
294,NJ,20160406,29426.082483471382
295,NJ,20160407,33579.69191107192
296,NJ,20160408,20553.490743648003
297,NJ,20160409,37655.69965773004
298,NJ,20160410,34669.64973249402
299,NJ,20160411,36249.90587608023
300,NJ,20160412,23568.515245302653
301,NJ,20160413,25045.28392562703
302,NJ,20160414,39732.733378004246
303,NJ,20160415,25960.013888823876
304,NJ,20160416,26012.6613758976
305,NJ,20160417,38189.3379620817
306,NJ,20160418,35612.18789710319
307,NJ,20160419,41703.4963490762
308,NJ,20160420,34603.10845107608
309,NJ,20160421,28044.13690168001
310,NJ,20160422,32218.061153468487
311,NJ,20160423,29219.612613133722
312,NJ,20160424,27078.605932743365
313,NJ,20160425,32737.817632737213
314,NJ,20160426,35059.4511355292
315,NJ,20160427,26020.58686852156
316,NJ,20160428,24444.315745150965
317,NJ,20160429,19688.840804270414
318,NJ,20160430,19539.979452582225
319,NJ,20160501,42458.27348548047
320,NJ,20160502,31433.830416421093
321,NJ,20160503,25656.45881565957
322,NJ,20160504,33981.2696331385
323,NJ,20160505,31337.62395815773
324,NJ,20160506,29974.168269499638
325,NJ,20160507,25226.381265368636
326,NJ,20160508,27305.78849405315
327,NJ,20160509,34775.41826756579
328,NJ,20160510,25103.25514950083
329,NJ,20160511,44061.49495357474
330,NJ,20160512,42547.81741306669
331,NJ,20160513,32646.466255608146
332,NJ,20160514,25021.319205808704
333,NJ,20160515,39588.19512020224
334,NJ,20160516,51202.55232238436
335,NJ,20160517,39720.64747699232
336,NJ,20160518,44311.01354031009
337,NJ,20160519,29816.50716820661
338,NJ,20160520,21858.532421665583
339,NJ,20160521,26266.827857258642
340,NJ,20160522,31013.499751302446
341,NJ,20160523,23385.287152899447
342,NJ,20160524,30283.90092408524
343,NJ,20160525,22073.061380705643
344,NJ,20160526,24258.68752740873
345,NJ,20160527,19526.26696590641
346,NJ,20160528,26050.41027706662
347,NJ,20160529,28181.67670561759
348,NJ,20160530,24650.790068514063
349,NJ,20160531,19782.106258391665
350,NJ,20160601,29655.800237013973
351,NJ,20160602,20612.18831307917
352,NJ,20160603,16512.314319549834
353,NJ,20160604,19673.673606044747
354,NJ,20160605,14593.399327271281
355,NJ,20160606,21569.351154422995
356,NJ,20160607,30613.26351460438
357,NJ,20160608,27577.243678499195
358,NJ,20160609,21385.46857384474
359,NJ,20160610,14811.82537368087
360,NJ,20160611,17744.60457418137
361,NJ,20160612,34177.167088241564
362,NJ,20160613,29595.800315040186
363,NJ,20160614,17278.55134867963
364,NJ,20160615,26528.234426260977
365,NJ,20160616,16085.664728567754
366,NJ,20160617,12105.579458462185
367,NJ,20160618,23893.461252081866
368,NJ,20160619,21317.35463003341
369,NJ,20160620,15729.45938495294
370,NJ,20160621,35576.399213616365
371,NJ,20160622,27903.91601540096
372,NJ,20160623,17460.07122606127
373,NJ,20160624,18067.273852939197
374,NJ,20160625,18579.662050453677
375,NJ,20160626,16801.01618502391
376,NJ,20160627,28416.090390857964
377,NJ,20160628,17076.397969319616
378,NJ,20160629,23313.58609763896
379,NJ,20160630,16749.849177940454
380,NJ,20160701,9972.271441525003
381,NJ,20160702,16762.66049957696
382,NJ,20160703,29361.160751293388
383,NJ,20160704,23221.335178243546
384,NJ,20160705,25358.482064254156
385,NJ,20160706,28181.123869959174
386,NJ,20160707,22114.609158882296
387,NJ,20160708,27737.32430122066
388,NJ,20160709,14765.471758980231
389,NJ,20160710,7387.23527141667
390,NJ,20160711,9543.521241682223
391,NJ,20160712,16833.43675253977
392,NJ,20160713,16238.189623397011
393,NJ,20160714,19514.338230761587
394,NJ,20160715,18802.30447095545
395,NJ,20160716,16335.823326006832
396,NJ,20160717,17696.862976011984
397,NJ,20160718,21960.55121296981
398,NJ,20160719,24710.983674604835
399,NJ,20160720,16412.127763609114
400,NJ,20160721,20004.950722249418
401,NJ,20160722,34042.41161978319
402,NJ,20160723,20957.485258892582
403,NJ,20160724,17516.363377476908
404,NJ,20160725,22720.633675079313
405,NJ,20160726,24524.967233297582
406,NJ,20160727,30820.172432069772
407,NJ,20160728,21237.504151634155
408,NJ,20160729,17202.004948610258
409,NJ,20160730,15201.805094597952
410,NJ,20160731,12956.40900795085
411,NJ,20160801,20250.572441713226
412,NJ,20160802,20851.694802209757
413,NJ,20160803,13705.918978518906
414,NJ,20160804,17042.560542577106
415,NJ,20160805,14400.101345131288
416,NJ,20160806,15861.685383864811
417,NJ,20160807,19571.336241506608
418,NJ,20160808,18295.64164805222
419,NJ,20160809,16383.57800719778
420,NJ,20160810,4990.835762587592
421,NJ,20160811,16423.980069398604
422,NJ,20160812,11456.99332439336
423,NJ,20160813,9256.836798333334
424,NJ,20160814,25302.64579728626
425,NJ,20160815,21937.575994776544
426,NJ,20160816,22259.71936179888
427,NJ,20160817,18097.41567749869
428,NJ,20160818,19760.990856607757
429,NJ,20160819,19387.476476658376
430,NJ,20160820,25687.576662106454
431,NJ,20160821,18635.4533691803
432,NJ,20160822,8374.550737959293
433,NJ,20160823,17325.12863952236
434,NJ,20160824,12862.298805148572
435,NJ,20160825,25467.240740554127
436,NJ,20160826,23816.68676233024
437,NJ,20160827,8435.385676162257
438,NJ,20160828,22126.17383858504
439,NJ,20160829,15978.67705943816
440,NJ,20160830,18146.50137896218
441,NJ,20160831,14496.26666404538
442,NJ,20160901,15671.887914337796
443,NJ,20160902,15540.079597496788
444,NJ,20160903,29349.82523563348
445,NJ,20160904,19418.80556622488
446,NJ,20160905,23783.886581204188
447,NJ,20160906,15191.877985190415
448,NJ,20160907,12977.90013520716
449,NJ,20160908,9484.974325526788
450,NJ,20160909,24684.925950364413
451,NJ,20160910,14661.679862231009
452,NJ,20160911,20938.62066556916
453,NJ,20160912,23312.881986079232
454,NJ,20160913,24411.843303715163
455,NJ,20160914,26051.93802737895
456,NJ,20160915,24737.20668913813
457,NJ,20160916,30250.20369257056
458,NJ,20160917,22664.61061969888
459,NJ,20160918,35267.84827498948
460,NJ,20160919,30024.45347949229
461,NJ,20160920,16683.40375841191
462,NJ,20160921,19426.773898047875
463,NJ,20160922,19147.244034870644
464,NJ,20160923,29335.63493375265
465,NJ,20160924,26101.958693704622
466,NJ,20160925,30117.712552071927
467,NJ,20160926,29163.15927760339
468,NJ,20160927,26385.157613590567
469,NJ,20160928,22457.33582849228
470,NJ,20160929,30914.06744945297
471,NJ,20160930,33758.3465742504
472,NJ,20161001,39484.08472273969
473,NJ,20161002,38089.84583597589
474,NJ,20161003,36169.04334453203
475,NJ,20161004,29288.25570893004
476,NJ,20161005,25426.311454507075
477,NJ,20161006,37193.684684331165
478,NJ,20161007,28456.82689183161
479,NJ,20161008,22807.625335284072
480,NJ,20161009,16030.402725397029
481,NJ,20161010,17079.87729302872
482,NJ,20161011,34403.3823450273
483,NJ,20161012,12241.356779877822
484,NJ,20161013,18834.042438173623
485,NJ,20161014,13877.587182611922
486,NJ,20161015,21885.878076155965
487,NJ,20161016,30825.9971841042
488,NJ,20161017,39090.71309489726
489,NJ,20161018,13626.692213471504
490,NJ,20161019,23375.098638214797
491,NJ,20161020,26896.482423502264
492,NJ,20161021,19706.1382848124
493,NJ,20161022,29082.18859966063
494,NJ,20161023,19268.274437432032
495,NJ,20161024,25193.232214919823
496,NJ,20161025,28875.399199179374
497,NJ,20161026,32135.994405171805
498,NJ,20161027,24136.253864591126
499,NJ,20161028,30100.496588832553
500,NJ,20161029,31041.05642405069
501,NJ,20161030,36737.45098777001
502,NJ,20161031,31937.792853864947
503,NJ,20161101,34054.280215979736
504,NJ,20161102,26058.289605165268
505,NJ,20161103,52829.910995969505
506,NJ,20161104,32370.288153533766
507,NJ,20161105,24344.576037101542
508,NJ,20161106,28013.268123150312
509,NJ,20161107,34192.003903235425
510,NJ,20161108,35718.04990664597
511,NJ,20161109,15311.623097889324
512,NJ,20161110,23550.31437991184
513,NJ,20161111,41318.528872390525
514,NJ,20161112,38011.76986315722
515,NJ,20161113,40710.40534154602
516,NJ,20161114,44099.915091863884
517,NJ,20161115,33222.25960024666
518,NJ,20161116,31665.48212497232
519,NJ,20161117,25720.112602111178
520,NJ,20161118,22559.31078521462
521,NJ,20161119,11886.171240033998
522,NJ,20161120,16935.194525142062
523,NJ,20161121,33083.326282966205
524,NJ,20161122,21933.18486213893
525,NJ,20161123,27712.320445681045
526,NJ,20161124,24574.95396995115
527,NJ,20161125,16053.79543001462
528,NJ,20161126,25434.223998887286
529,NJ,20161127,31273.289534161293
530,NJ,20161128,41481.53060690264
531,NJ,20161129,28660.570679625667
532,NJ,20161130,29473.70106588768
533,NJ,20161201,39082.27659834073
534,NJ,20161202,33164.5388336196
535,NJ,20161203,15787.347662442096
536,NJ,20161204,46552.618722446015
537,NJ,20161205,46231.97063434398
538,NJ,20161206,39630.40059993311
539,NJ,20161207,23536.000942627456
540,NJ,20161208,38949.68416015338
541,NJ,20161209,45135.14450165645
542,NJ,20161210,40158.630695780965
543,NJ,20161211,57525.48172750615
544,NJ,20161212,58906.30817237195
545,NJ,20161213,46900.762558943934
546,NJ,20161214,40038.891489805246
547,NJ,20161215,47960.66195482837
548,NJ,20161216,23600.043680317343
549,NJ,20161217,41024.27811903248
550,NJ,20161218,43701.00410192883
551,NJ,20161219,58645.71056318278
552,NJ,20161220,69044.18310113861
553,NJ,20161221,68837.90398878024
554,NJ,20161222,67800.06020465898
555,NJ,20161223,53579.53074126999
556,NJ,20161224,50471.41133029742
557,NJ,20161225,35786.94218581592
558,NJ,20161226,34768.088081965565
559,NJ,20161227,61026.0480961683
560,NJ,20161228,49255.80493388955
561,NJ,20161229,53291.72370287497
562,NJ,20161230,59125.238539132275
563,NJ,20161231,29878.90630531789
564,NJ,20170101,38965.674900962884
565,NJ,20170102,52347.159585808426
566,NJ,20170103,48483.35963245503
567,NJ,20170104,56680.402150641756
568,NJ,20170105,73349.28688009008
569,NJ,20170106,52507.520656832894
570,NJ,20170107,59870.15455414994
571,NJ,20170108,54829.275456888216
572,NJ,20170109,67226.08820630613
573,NJ,20170110,72206.11799729227
574,NJ,20170111,48569.705294661966
575,NJ,20170112,55538.13767885932
576,NJ,20170113,53610.93892680685
577,NJ,20170114,54602.834063583825
578,NJ,20170115,58013.747419106054
579,NJ,20170116,69835.10714812168
580,NJ,20170117,53652.70794628233
581,NJ,20170118,68780.88417080198
582,NJ,20170119,74663.47380065803
583,NJ,20170120,70431.05756731701
584,NJ,20170121,73965.99100094008
585,NJ,20170122,81994.81682057782
586,NJ,20170123,80686.17019280135
587,NJ,20170124,81666.4804453826
588,NJ,20170125,68598.66199872516
589,NJ,20170126,66921.20726394073
590,NJ,20170127,67358.48283604857
591,NJ,20170128,70364.70972075808
592,NJ,20170129,66481.3244381933
593,NJ,20170130,90289.68989934016
594,NJ,20170131,84768.47607162442
595,NJ,20170201,83115.00053393492
596,NJ,20170202,87550.2844793394
597,NJ,20170203,72595.39023937423
598,NJ,20170204,63972.50346229784
599,NJ,20170205,67639.34112725686
600,NJ,20170206,83005.98713899826
601,NJ,20170207,109254.83833056637
602,NJ,20170208,87251.518863928
603,NJ,20170209,75632.29888999848
604,NJ,20170210,75839.7748569456
605,NJ,20170211,81371.31982194581
606,NJ,20170212,90437.01779823283
607,NJ,20170213,76762.94606805168
608,NJ,20170214,85759.9928071709
609,NJ,20170215,80619.14019378477
610,NJ,20170216,77428.06865571594
611,NJ,20170217,59171.04388678907
612,NJ,20170218,51297.242282796375
613,NJ,20170219,54581.278732152765
614,NJ,20170220,61487.23712609022
615,NJ,20170221,78680.74828719239
616,NJ,20170222,62801.57759061204
617,NJ,20170223,60904.119502462265
618,NJ,20170224,43289.441152268926
619,NJ,20170225,42389.5913409444
620,NJ,20170226,56901.48743807593
621,NJ,20170227,43909.865409721366
622,NJ,20170228,54009.502240823414
623,NJ,20170301,68743.88621513746
624,NJ,20170302,45824.19277443219
625,NJ,20170303,50897.283941334004
626,NJ,20170304,38903.291210415366
627,NJ,20170305,42428.249795857286
628,NJ,20170306,61620.52269166442
629,NJ,20170307,48968.02448679615
630,NJ,20170308,48194.81324716962
631,NJ,20170309,29280.239657327515
632,NJ,20170310,36123.451555698884
633,NJ,20170311,40562.6717596776
634,NJ,20170312,48588.97359071043
635,NJ,20170313,49743.51637534127
636,NJ,20170314,48538.724756385745
637,NJ,20170315,37711.874796818796
638,NJ,20170316,52941.51557286245
639,NJ,20170317,41819.387845711055
640,NJ,20170318,38222.96663768081
641,NJ,20170319,47096.377147352665
642,NJ,20170320,54258.907310133225
643,NJ,20170321,65639.84922534613
644,NJ,20170322,72834.94726139451
645,NJ,20170323,40064.665937304686
646,NJ,20170324,48801.81386164496
647,NJ,20170325,45909.33934596653
648,NJ,20170326,43946.483529347366
649,NJ,20170327,44329.058349638064
650,NJ,20170328,48404.34122847717
651,NJ,20170329,52522.030052487244
652,NJ,20170330,59809.320141628654
653,NJ,20170331,54388.52410584379
654,NJ,20170401,45106.84543553495
655,NJ,20170402,64740.65545993133
656,NJ,20170403,53030.421545625744
657,NJ,20170404,65284.905302087696
658,NJ,20170405,40514.22787175789
659,NJ,20170406,43332.47759308662
660,NJ,20170407,33667.10111608187
661,NJ,20170408,45064.89889548048
662,NJ,20170409,54090.99067707861
663,NJ,20170410,45161.469671784456
664,NJ,20170411,58544.88157404628
665,NJ,20170412,45833.01524886155
666,NJ,20170413,43913.045984567965
667,NJ,20170414,34133.576052953205
668,NJ,20170415,41692.03780613344
669,NJ,20170416,34237.506776583985
670,NJ,20170417,44584.61587360057
671,NJ,20170418,37634.57871761369
672,NJ,20170419,33358.70862043523
673,NJ,20170420,29601.058687929883
674,NJ,20170421,33654.11806857725
675,NJ,20170422,17586.72291771455
676,NJ,20170423,25087.910746414753
677,NJ,20170424,32879.90796493984
678,NJ,20170425,24263.12396759365
679,NJ,20170426,35313.85882714703
680,NJ,20170427,24479.718902108867
681,NJ,20170428,20569.963969467957
682,NJ,20170429,22514.43880166249
683,NJ,20170430,26026.771932300697
684,NJ,20170501,46447.03856580092
685,NJ,20170502,34500.01794588132
686,NJ,20170503,28711.101382906636
687,NJ,20170504,37837.986790738796
688,NJ,20170505,26262.380514823883
689,NJ,20170506,22273.597499220854
690,NJ,20170507,21177.730172560936
691,NJ,20170508,35300.87694630129
692,NJ,20170509,44422.255993278
693,NJ,20170510,53122.91045782549
694,NJ,20170511,43909.565332254504
695,NJ,20170512,31051.931750119362
696,NJ,20170513,24654.359149424028
697,NJ,20170514,21136.31478408211
698,NJ,20170515,35966.94625627601
699,NJ,20170516,42766.92376173916
700,NJ,20170517,52111.537359700065
701,NJ,20170518,34382.71575047268
702,NJ,20170519,27086.185154766816
703,NJ,20170520,26547.697214858068
704,NJ,20170521,24461.142789938927
705,NJ,20170522,35718.511498596505
706,NJ,20170523,25566.56708428652
707,NJ,20170524,22176.093398246758
708,NJ,20170525,28044.078995403896
709,NJ,20170526,16312.495523661506
710,NJ,20170527,18815.7094234394
711,NJ,20170528,11322.640222739305
712,NJ,20170529,24767.843960518174
713,NJ,20170530,22670.81795816804
714,NJ,20170531,20264.43477699334
715,NJ,20170601,22942.70906701004
716,NJ,20170602,17501.574694757892
717,NJ,20170603,24082.307009208263
718,NJ,20170604,32481.045961795786
719,NJ,20170605,27186.677449642997
720,NJ,20170606,32533.67853521326
721,NJ,20170607,19559.674423076136
722,NJ,20170608,17414.710579037775
723,NJ,20170609,6536.475741268791
724,NJ,20170610,16550.911782996136
725,NJ,20170611,20554.981677851072
726,NJ,20170612,37931.151249207134
727,NJ,20170613,41741.59241751128
728,NJ,20170614,19818.631018735963
729,NJ,20170615,32441.23414535862
730,NJ,20170616,23559.26919763729
731,NJ,20170617,25116.458148675887
732,NJ,20170618,18719.595594344668
733,NJ,20170619,32029.31388067205
734,NJ,20170620,18274.43900957314
735,NJ,20170621,12033.642951130403
736,NJ,20170622,10837.481690883456
737,NJ,20170623,17116.06720682709
738,NJ,20170624,25811.475449477915
739,NJ,20170625,30818.515587310176
740,NJ,20170626,23048.327503570577
741,NJ,20170627,23751.56739098603
742,NJ,20170628,16797.57395339766
743,NJ,20170629,16388.46659721747
744,NJ,20170630,20173.00013057608
745,NJ,20170701,18888.998043632597
746,NJ,20170702,12688.490539393233
747,NJ,20170703,12279.038071906509
748,NJ,20170704,5664.0638516628505
749,NJ,20170705,12260.576730316687
750,NJ,20170706,29604.099716010936
751,NJ,20170707,15698.260822576554
752,NJ,20170708,24739.525373413788
753,NJ,20170709,21769.49482432783
754,NJ,20170710,17870.956663400997
755,NJ,20170711,28736.901529539282
756,NJ,20170712,22985.357769926835
757,NJ,20170713,4901.149031519324
758,NJ,20170714,6742.988609817527
759,NJ,20170715,11744.800026765295
760,NJ,20170716,12064.92273562492
761,NJ,20170717,20840.151321677156
762,NJ,20170718,23958.293141981456
763,NJ,20170719,27140.361546825137
764,NJ,20170720,21615.612200176223
765,NJ,20170721,17879.429546592648
766,NJ,20170722,19866.249320233197
767,NJ,20170723,24624.402875291507
768,NJ,20170724,20720.112513926182
769,NJ,20170725,21430.414893693047
770,NJ,20170726,13500.815604231317
771,NJ,20170727,14338.130573480632
772,NJ,20170728,17204.585316240322
773,NJ,20170729,21933.773218126385
774,NJ,20170730,21795.694909248617
775,NJ,20170731,28434.881441659487
776,NJ,20170801,21141.4375554555
777,NJ,20170802,22347.76304938308
778,NJ,20170803,26844.30868324354
779,NJ,20170804,30855.364345182592
780,NJ,20170805,17736.95828601159
781,NJ,20170806,19866.939133316577
782,NJ,20170807,33835.954904933285
783,NJ,20170808,22511.412315469915
784,NJ,20170809,18790.561884853985
785,NJ,20170810,20749.975344904597
786,NJ,20170811,24288.954353988214
787,NJ,20170812,24092.9040361172
788,NJ,20170813,23079.161297692415
789,NJ,20170814,16709.32331186282
790,NJ,20170815,20021.456932162957
791,NJ,20170816,22023.11051661584
792,NJ,20170817,31892.185747201016
793,NJ,20170818,23833.69109884306
794,NJ,20170819,25476.766746931735
795,NJ,20170820,32903.156669150114
796,NJ,20170821,19699.637585528082
797,NJ,20170822,25706.61820492839
798,NJ,20170823,19421.90563548517
799,NJ,20170824,20607.684085251884
800,NJ,20170825,25337.216621433825
801,NJ,20170826,35192.10700869376
802,NJ,20170827,21775.772250477345
803,NJ,20170828,26767.24389169192
804,NJ,20170829,33757.22483099292
805,NJ,20170830,30024.297149764043
806,NJ,20170831,14788.293105086846
807,NJ,20170901,20554.236555612188
808,NJ,20170902,20442.942055225583
809,NJ,20170903,26083.92439082804
810,NJ,20170904,27861.26032283875
811,NJ,20170905,39931.87693006754
812,NJ,20170906,27479.055557583808
813,NJ,20170907,19333.263179219168
814,NJ,20170908,24913.44140689408
815,NJ,20170909,19386.020360015824
816,NJ,20170910,23816.412797503817
817,NJ,20170911,22049.17256583493
818,NJ,20170912,11702.690211692592
819,NJ,20170913,28485.976674182628
820,NJ,20170914,27667.62593755434
821,NJ,20170915,30874.601553710963
822,NJ,20170916,22914.500611716074
823,NJ,20170917,20532.297225005797
824,NJ,20170918,38554.37145183623
825,NJ,20170919,25060.33543493752
826,NJ,20170920,39063.791988531746
827,NJ,20170921,31901.76069965003
828,NJ,20170922,23139.632253980533
829,NJ,20170923,28637.601383924848
830,NJ,20170924,25328.14398667228
831,NJ,20170925,26693.721308353794
832,NJ,20170926,27047.673260625754
833,NJ,20170927,29712.467659130947
834,NJ,20170928,22563.579116705045
835,NJ,20170929,28407.93390554944
836,NJ,20170930,24452.208105424816
837,NJ,20171001,20650.959748348607
838,NJ,20171002,24818.35408910855
839,NJ,20171003,29658.725587298155
840,NJ,20171004,50648.80411312071
841,NJ,20171005,37073.15435919602
842,NJ,20171006,25911.866836693946
843,NJ,20171007,25558.00522790333
844,NJ,20171008,38357.42675940196
845,NJ,20171009,16195.666085316494
846,NJ,20171010,35216.03014549086
847,NJ,20171011,37594.94473967503
848,NJ,20171012,28026.450127442182
849,NJ,20171013,20360.748911621962
850,NJ,20171014,24072.492194414837
851,NJ,20171015,22880.57987982293
852,NJ,20171016,25409.81952017121
853,NJ,20171017,36148.04037468225
854,NJ,20171018,9961.183049774962
855,NJ,20171019,27206.141738783837
856,NJ,20171020,29775.74779031207
857,NJ,20171021,42788.857096456544
858,NJ,20171022,36175.18813707419
859,NJ,20171023,45775.293224752415
860,NJ,20171024,32338.598205042632
861,NJ,20171025,39386.025584705116
862,NJ,20171026,39670.81994783421
863,NJ,20171027,27125.88849799668
864,NJ,20171028,32052.672639349286
865,NJ,20171029,35199.196248054286
866,NJ,20171030,29725.4935223118
867,NJ,20171031,34476.263448806516
868,NJ,20171101,46918.389135248835
869,NJ,20171102,33927.370163981555
870,NJ,20171103,41595.74510288753
871,NJ,20171104,30669.005573918348
872,NJ,20171105,42062.32024578011
873,NJ,20171106,28942.43974954364
874,NJ,20171107,32569.40243588213
875,NJ,20171108,29627.095510441766
876,NJ,20171109,30347.557991090238
877,NJ,20171110,35724.281192179515
878,NJ,20171111,24809.810738838383
879,NJ,20171112,18849.170683845
880,NJ,20171113,27295.22430181096
881,NJ,20171114,31022.31542555029
882,NJ,20171115,36094.003629033534
883,NJ,20171116,44202.499784412656
884,NJ,20171117,24683.343867780226
885,NJ,20171118,40564.99989980338
886,NJ,20171119,38749.553412065725
887,NJ,20171120,40384.59087855105
888,NJ,20171121,29328.23106461169
889,NJ,20171122,31545.120733121803
890,NJ,20171123,30998.675513268336
891,NJ,20171124,31957.980366356405
892,NJ,20171125,36685.47340974173
893,NJ,20171126,33598.15358788195
894,NJ,20171127,37711.01272452492
895,NJ,20171128,38261.58144964215
896,NJ,20171129,44136.282236390914
897,NJ,20171130,41690.15762899245
898,NJ,20171201,42683.695154998095
899,NJ,20171202,22862.6248282667
900,NJ,20171203,25255.323635268574
901,NJ,20171204,37717.088209459005
902,NJ,20171205,25749.125220824964
903,NJ,20171206,45689.06922502706
904,NJ,20171207,22575.190477515353
905,NJ,20171208,20171.854341826707
906,NJ,20171209,32097.169729816625
907,NJ,20171210,29937.291805900157
908,NJ,20171211,40128.36972427795
909,NJ,20171212,35758.516998759194
910,NJ,20171213,31656.646974742733
911,NJ,20171214,43159.05263296803
912,NJ,20171215,35166.13597515895
913,NJ,20171216,22427.483382131424
914,NJ,20171217,42762.106196703455
915,NJ,20171218,53533.15703363627
916,NJ,20171219,61145.973678467126
917,NJ,20171220,40443.791192161225
918,NJ,20171221,48233.35594093037
919,NJ,20171222,45194.79101296459
920,NJ,20171223,32234.462046365
921,NJ,20171224,32955.80779027983
922,NJ,20171225,37413.79573248079
923,NJ,20171226,52967.89796186148
924,NJ,20171227,27839.87323942561
925,NJ,20171228,37537.3819054537
926,NJ,20171229,55434.27234729104
927,NJ,20171230,38441.72547050064
928,NJ,20171231,42754.8068446908
929,NJ,20180101,47701.321129005584
930,NJ,20180102,44711.37231672416
931,NJ,20180103,50514.31220802785
932,NJ,20180104,51106.646532814055
933,NJ,20180105,48980.110242327304
934,NJ,20180106,42271.70952164491
935,NJ,20180107,45361.77154927269
936,NJ,20180108,51420.31915617263
937,NJ,20180109,47762.83415702816
938,NJ,20180110,30585.284431821347
939,NJ,20180111,43314.299858717415
940,NJ,20180112,36847.82220030813
941,NJ,20180113,28316.293621494508
942,NJ,20180114,57538.6943671785
943,NJ,20180115,66867.61509286807
944,NJ,20180116,66357.52331402515
945,NJ,20180117,69807.43169050603
946,NJ,20180118,78235.23869390957
947,NJ,20180119,54058.12509025297
948,NJ,20180120,51943.90495017673
949,NJ,20180121,71774.87622664004
950,NJ,20180122,92091.80411131527
951,NJ,20180123,90655.93738650376
952,NJ,20180124,92093.6320048644
1129,NY,20151002,32294.086618542413
1130,NY,20151003,24111.43843725409
1131,NY,20151004,26656.7936763416
1132,NY,20151005,21835.60323170933
1133,NY,20151006,33658.57027726912
1134,NY,20151007,25068.400909828422
1135,NY,20151008,35318.1320095831
1136,NY,20151009,24815.218792149302
1137,NY,20151010,33298.70016492265
1138,NY,20151011,27305.10553623789
1139,NY,20151012,41710.74248169788
1140,NY,20151013,43588.42105794196
1141,NY,20151014,30039.976455310338
1142,NY,20151015,28019.24227194299
1143,NY,20151016,26489.98639730157
1144,NY,20151017,40086.46951207523
1145,NY,20151018,38312.03143768722
1146,NY,20151019,39626.13852352385
1147,NY,20151020,43959.87581636648
1148,NY,20151021,32601.47752307549
1149,NY,20151022,37599.579607478445
1150,NY,20151023,36486.788152154215
1151,NY,20151024,27448.35182637301
1152,NY,20151025,34801.25564555603
1153,NY,20151026,33579.290319385385
1154,NY,20151027,33457.688398501115
1155,NY,20151028,34601.513552210134
1156,NY,20151029,40334.7736662232
1157,NY,20151030,39561.09946199605
1158,NY,20151031,27992.9341301734
1159,NY,20151101,38694.144714595626
1160,NY,20151102,32512.309085896857
1161,NY,20151103,29195.456449726767
1162,NY,20151104,44214.23891197117
1163,NY,20151105,41349.9026687144
1164,NY,20151106,49026.70515100434
1165,NY,20151107,18539.442932211365
1166,NY,20151108,37796.223420881055
1167,NY,20151109,19612.8734280098
1168,NY,20151110,41429.20636169343
1169,NY,20151111,22451.436740449044
1170,NY,20151112,26287.27381337128
1171,NY,20151113,22217.3032223254
1172,NY,20151114,25064.514195002266
1173,NY,20151115,26249.718606318398
1174,NY,20151116,38410.62564076951
1175,NY,20151117,43372.106445792735
1176,NY,20151118,44579.085023678985
1177,NY,20151119,34658.987698438184
1178,NY,20151120,25415.460088242675
1179,NY,20151121,22370.301686969044
1180,NY,20151122,41388.91508845072
1181,NY,20151123,17777.027121776293
1182,NY,20151124,25556.15291751941
1183,NY,20151125,37284.713426821276
1184,NY,20151126,37085.95859267016
1185,NY,20151127,35236.70973005733
1186,NY,20151128,37329.74255173342
1187,NY,20151129,32565.77830989133
1188,NY,20151130,42881.63610845086
1189,NY,20151201,26878.23471295116
1190,NY,20151202,86236.40243816767
1191,NY,20151203,46359.365407766796
1192,NY,20151204,36531.855563356214
1193,NY,20151205,42326.90239529538
1194,NY,20151206,32494.26986907806
1195,NY,20151207,38362.398270529935
1196,NY,20151208,66907.42519524923
1197,NY,20151209,44874.71342424856
1198,NY,20151210,45903.44753619826
1199,NY,20151211,36265.99145898692
1200,NY,20151212,53678.04921632874
1201,NY,20151213,38918.29767318352
1202,NY,20151214,72593.60119531916
1203,NY,20151215,53612.838342809744
1204,NY,20151216,30681.193279215713
1205,NY,20151217,53964.20046370316
1206,NY,20151218,50597.83061118833
1207,NY,20151219,50281.8462833908
1208,NY,20151220,60028.574642543914
1209,NY,20151221,66503.20648154618
1210,NY,20151222,62256.754575710984
1211,NY,20151223,43233.093227423735
1212,NY,20151224,46231.61341933925
1213,NY,20151225,47685.59034362686
1214,NY,20151226,72911.41521769724
1215,NY,20151227,62524.22326725697
1216,NY,20151228,77665.74405562162
1217,NY,20151229,94880.02903939909
1218,NY,20151230,79665.48476729983
1219,NY,20151231,84624.4119686505
1220,NY,20160101,45458.219951996885
1221,NY,20160102,36147.183314055896
1222,NY,20160103,62293.75635113919
1223,NY,20160104,65574.67315556557
1224,NY,20160105,67004.89684680733
1225,NY,20160106,55370.72924293362
1226,NY,20160107,85737.76273546055
1227,NY,20160108,75914.93571574098
1228,NY,20160109,62323.82457309956
1229,NY,20160110,58327.30836784108
1230,NY,20160111,56331.634952660075
1231,NY,20160112,59653.22249983314
1232,NY,20160113,68089.64548714992
1233,NY,20160114,70044.94536268378
1234,NY,20160115,81549.53583999003
1235,NY,20160116,47987.76457264137
1236,NY,20160117,60452.869082517325
1237,NY,20160118,60877.46450065152
1238,NY,20160119,71621.1217931735
1239,NY,20160120,42358.490621002784
1240,NY,20160121,57862.19379251365
1241,NY,20160122,67219.76842337399
1242,NY,20160123,47567.0211821119
1243,NY,20160124,46584.01504326578
1244,NY,20160125,80962.60044315063
1245,NY,20160126,91406.61164181076
1246,NY,20160127,85021.79910398461
1247,NY,20160128,94426.04590636713
1248,NY,20160129,81454.36057485107
1249,NY,20160130,86806.77529286046
1250,NY,20160131,89147.24195197049
1251,NY,20160201,104644.24339936595
1252,NY,20160202,110580.18739163694
1253,NY,20160203,86346.7879694977
1254,NY,20160204,77734.30292921115
1255,NY,20160205,80813.96325611943
1256,NY,20160206,98530.77443946754
1257,NY,20160207,86854.74850928348
1258,NY,20160208,108554.52784739142
1259,NY,20160209,101174.29691383724
1260,NY,20160210,103968.28256864673
1261,NY,20160211,95377.7003422476
1262,NY,20160212,95407.51040679439
1263,NY,20160213,105533.31452451016
1264,NY,20160214,82215.12167171741
1265,NY,20160215,91621.33633650646
1266,NY,20160216,99569.1956445858
1267,NY,20160217,96668.67648020813
1268,NY,20160218,96543.74706038684
1269,NY,20160219,96653.74207202984
1270,NY,20160220,105717.87755145886
1271,NY,20160221,95430.79197519716
1272,NY,20160222,94771.36113286512
1273,NY,20160223,80626.2303566517
1274,NY,20160224,87663.49073875106
1275,NY,20160225,114454.17439910347
1276,NY,20160226,112612.4890081998
1277,NY,20160227,130759.75069735812
1278,NY,20160228,128199.78695308762
1279,NY,20160229,136837.68962773864
1280,NY,20160301,169600.72357966081
1281,NY,20160302,173389.05270820507
1282,NY,20160303,173640.1692398151
1283,NY,20160304,149719.36218735474
1284,NY,20160305,98477.12233216334
1285,NY,20160306,125541.30467852304
1286,NY,20160307,140889.9012431956
1287,NY,20160308,150793.68781348827
1288,NY,20160309,162254.17186662453
1289,NY,20160310,155245.88313335087
1290,NY,20160311,124851.3280824916
1291,NY,20160312,106376.6632880324
1292,NY,20160313,123575.64169264724
1293,NY,20160314,135918.10261350407
1294,NY,20160315,111724.20193726146
1295,NY,20160316,124323.4718498141
1296,NY,20160317,120501.76655804305
1297,NY,20160318,96483.73286872316
1298,NY,20160319,97455.99126399652
1299,NY,20160320,75983.92735213363
1300,NY,20160321,124642.10863793502
1301,NY,20160322,158254.2299699417
1302,NY,20160323,158658.15956570226
1303,NY,20160324,104661.08284965476
1304,NY,20160325,112552.56785041475
1305,NY,20160326,100067.0329030126
1306,NY,20160327,84781.38320812202
1307,NY,20160328,126445.13718674885
1308,NY,20160329,106712.12490917467
1309,NY,20160330,56007.66409106384
1310,NY,20160331,86261.6527945098
1311,NY,20160401,80994.51679849466
1312,NY,20160402,100683.7359034122
1313,NY,20160403,64115.34589404756
1314,NY,20160404,100308.5648301882
1315,NY,20160405,74132.34214498916
1316,NY,20160406,84353.22560011115
1317,NY,20160407,47804.473726628865
1318,NY,20160408,87179.38144773268
1319,NY,20160409,88433.41692867404
1320,NY,20160410,79747.4990548785
1321,NY,20160411,89139.0328355054
1322,NY,20160412,97270.67825514088
1323,NY,20160413,89398.38222769069
1324,NY,20160414,86167.02408645747
1325,NY,20160415,72373.60519871814
1326,NY,20160416,85206.95471611123
1327,NY,20160417,86650.92118965431
1328,NY,20160418,73899.47019116503
1329,NY,20160419,84590.66202017375
1330,NY,20160420,88416.19189784725
1331,NY,20160421,79702.49568748963
1332,NY,20160422,90723.27422496774
1333,NY,20160423,102821.05470280707
1334,NY,20160424,79937.25768271863
1335,NY,20160425,75893.22499674713
1336,NY,20160426,69434.19412667461
1337,NY,20160427,69391.26158865637
1338,NY,20160428,72871.65581985346
1339,NY,20160429,55230.26753871072
1340,NY,20160430,44073.216881766755
1341,NY,20160501,39545.093310134514
1342,NY,20160502,61640.80293406091
1343,NY,20160503,44468.5565632342
1344,NY,20160504,43950.460948711065
1345,NY,20160505,44974.517062222025
1346,NY,20160506,65167.57597740598
1347,NY,20160507,80838.11571444868
1348,NY,20160508,65807.12166075456
1349,NY,20160509,96562.40876674367
1350,NY,20160510,87609.2530972524
1351,NY,20160511,61680.389096585306
1352,NY,20160512,86293.21436186315
1353,NY,20160513,76375.78470554082
1354,NY,20160514,62910.345878647335
1355,NY,20160515,49802.551224039715
1356,NY,20160516,77219.43082414371
1357,NY,20160517,66606.70926948804
1358,NY,20160518,74334.05196460888
1359,NY,20160519,71737.79644207192
1360,NY,20160520,51243.300172265095
1361,NY,20160521,69455.52869119539
1362,NY,20160522,45858.340984597664
1363,NY,20160523,89812.16098060181
1364,NY,20160524,52829.603997655686
1365,NY,20160525,44840.508140483806
1366,NY,20160526,58449.471101489326
1367,NY,20160527,63159.60330050253
1368,NY,20160528,32674.147924706904
1369,NY,20160529,41163.49678449825
1370,NY,20160530,63005.489966432746
1371,NY,20160531,58021.560404408025
1372,NY,20160601,34811.12415193719
1373,NY,20160602,41788.18944011467
1374,NY,20160603,49520.5510674684
1375,NY,20160604,46476.16418466831
1376,NY,20160605,45788.48806083494
1377,NY,20160606,57035.15155962034
1378,NY,20160607,59612.39529328688
1379,NY,20160608,57505.2003688729
1380,NY,20160609,46951.2878138629
1381,NY,20160610,31544.670898896456
1382,NY,20160611,46222.180691554684
1383,NY,20160612,41778.21599937654
1384,NY,20160613,54441.632622366815
1385,NY,20160614,50068.53309980301
1386,NY,20160615,57191.147689609
1387,NY,20160616,45948.19053971268
1388,NY,20160617,39959.215632429725
1389,NY,20160618,30458.765871727857
1390,NY,20160619,47298.432628571696
1391,NY,20160620,42084.70127004572
1392,NY,20160621,59206.28232135192
1393,NY,20160622,60322.46012059116
1394,NY,20160623,41284.693254613696
1395,NY,20160624,50653.54797695673
1396,NY,20160625,46108.898623921785
1397,NY,20160626,29985.78568142292
1398,NY,20160627,44977.70561473709
1399,NY,20160628,39186.480162674525
1400,NY,20160629,38754.65790411338
1401,NY,20160630,47637.50669475874
1402,NY,20160701,37936.37807017312
1403,NY,20160702,35617.61604531522
1404,NY,20160703,25938.965957113407
1405,NY,20160704,31095.87130430716
1406,NY,20160705,35263.52517481975
1407,NY,20160706,37153.76318375419
1408,NY,20160707,57636.91079846282
1409,NY,20160708,25927.630619594827
1410,NY,20160709,39148.18947659103
1411,NY,20160710,39076.087289409465
1412,NY,20160711,31222.176562856293
1413,NY,20160712,30897.863360456573
1414,NY,20160713,52980.94611136613
1415,NY,20160714,47425.474353509504
1416,NY,20160715,34521.62182561899
1417,NY,20160716,29697.805218665748
1418,NY,20160717,29961.957766786163
1419,NY,20160718,55360.35726591752
1420,NY,20160719,55614.80759268456
1421,NY,20160720,24733.007442016788
1422,NY,20160721,48729.60764378792
1423,NY,20160722,48927.82199417439
1424,NY,20160723,44896.33705106376
1425,NY,20160724,41321.734235939024
1426,NY,20160725,38880.994785774616
1427,NY,20160726,28885.415327294544
1428,NY,20160727,50931.42279607004
1429,NY,20160728,57772.041075873545
1430,NY,20160729,48616.89794254434
1431,NY,20160730,45948.99194122738
1432,NY,20160731,41227.660098294895
1433,NY,20160801,30176.950425270177
1434,NY,20160802,51885.55692313657
1435,NY,20160803,41162.629001110814
1436,NY,20160804,39719.547251272976
1437,NY,20160805,34022.31027939744
1438,NY,20160806,55528.20327861344
1439,NY,20160807,38293.31736159297
1440,NY,20160808,35926.229109652784
1441,NY,20160809,51161.10874254546
1442,NY,20160810,70847.32110892971
1443,NY,20160811,52988.93749234232
1444,NY,20160812,43073.66442522485
1445,NY,20160813,40311.948261692596
1446,NY,20160814,41036.891088378085
1447,NY,20160815,29209.205823414035
1448,NY,20160816,38083.29368626203
1449,NY,20160817,29213.443201309463
1450,NY,20160818,53881.33250226196
1451,NY,20160819,53852.37756148374
1452,NY,20160820,50349.94823967175
1453,NY,20160821,32620.392924345655
1454,NY,20160822,40742.85880086492
1455,NY,20160823,38252.97442910743
1456,NY,20160824,44592.95046074169
1457,NY,20160825,36619.47718159363
1458,NY,20160826,36804.851241133634
1459,NY,20160827,28908.4153087466
1460,NY,20160828,37220.443218526714
1461,NY,20160829,25225.125931175466
1462,NY,20160830,48914.21292021334
1463,NY,20160831,37630.6925016093
1464,NY,20160901,27716.99803081435
1465,NY,20160902,43170.30947168867
1466,NY,20160903,29334.98824033
1467,NY,20160904,25895.35509128606
1468,NY,20160905,43539.59634429091
1469,NY,20160906,44406.9728463414
1470,NY,20160907,30003.584506215186
1471,NY,20160908,44883.873056277145
1472,NY,20160909,47984.52419645392
1473,NY,20160910,43360.735562531234
1474,NY,20160911,52024.544132833405
1475,NY,20160912,45431.79188204442
1476,NY,20160913,32432.422903889845
1477,NY,20160914,51467.610964030304
1478,NY,20160915,43913.97185921828
1479,NY,20160916,56408.62344147321
1480,NY,20160917,56621.054700492874
1481,NY,20160918,77379.43531817253
1482,NY,20160919,51759.846210567106
1483,NY,20160920,61328.78783039784
1484,NY,20160921,68228.70682172841
1485,NY,20160922,55484.93329062208
1486,NY,20160923,40522.23352594314
1487,NY,20160924,47268.73261965209
1488,NY,20160925,70004.87669575945
1489,NY,20160926,91762.4994007026
1490,NY,20160927,68257.0052560383
1491,NY,20160928,53936.827103902644
1492,NY,20160929,56255.88123672899
1493,NY,20160930,46846.20559546417
1494,NY,20161001,47423.969945564495
1495,NY,20161002,50038.18237454668
1496,NY,20161003,71293.92869718185
1497,NY,20161004,52463.6186579396
1498,NY,20161005,53494.28397714002
1499,NY,20161006,48969.273746041035
1500,NY,20161007,47830.90738604717
1501,NY,20161008,53993.395684617644
1502,NY,20161009,65265.68916489898
1503,NY,20161010,50574.38204090128
1504,NY,20161011,38960.983431649416
1505,NY,20161012,41398.61306064941
1506,NY,20161013,59031.39702612622
1507,NY,20161014,54493.99029933255
1508,NY,20161015,40972.37743055957
1509,NY,20161016,49644.1232392821
1510,NY,20161017,52462.046403064196
1511,NY,20161018,62583.65015259128
1512,NY,20161019,45043.14346685576
1513,NY,20161020,77042.2177857404
1514,NY,20161021,55628.32166389506
1515,NY,20161022,47072.96138897664
1516,NY,20161023,63921.368040200774
1517,NY,20161024,57396.574360578874
1518,NY,20161025,61820.079782214365
1519,NY,20161026,75771.88044552886
1520,NY,20161027,66973.88252619599
1521,NY,20161028,61070.463023120734
1522,NY,20161029,65097.206098754774
1523,NY,20161030,66357.49020481035
1524,NY,20161031,64855.36133193933
1525,NY,20161101,63182.680387344226
1526,NY,20161102,61472.59078661854
1527,NY,20161103,72514.92533673896
1528,NY,20161104,60001.52588669581
1529,NY,20161105,54890.885044034345
1530,NY,20161106,55861.90160481012
1531,NY,20161107,73704.15181742115
1532,NY,20161108,79124.61038090725
1533,NY,20161109,77339.77273596774
1534,NY,20161110,51942.91711543638
1535,NY,20161111,71236.64642298664
1536,NY,20161112,72323.36092779935
1537,NY,20161113,78326.12717985606
1538,NY,20161114,58527.834175079974
1539,NY,20161115,78959.80264709855
1540,NY,20161116,72605.91133249429
1541,NY,20161117,70459.98663057951
1542,NY,20161118,82829.95408316355
1543,NY,20161119,68879.1062406861
1544,NY,20161120,48402.509014815965
1545,NY,20161121,69515.71842128232
1546,NY,20161122,58852.964774464366
1547,NY,20161123,52853.29695199621
1548,NY,20161124,39750.02846688314
1549,NY,20161125,25702.4357162676
1550,NY,20161126,38571.3385301512
1551,NY,20161127,43431.091457225964
1552,NY,20161128,80514.88577045739
1553,NY,20161129,65513.6112948596
1554,NY,20161130,66778.09849733284
1555,NY,20161201,83279.86690457513
1556,NY,20161202,61345.30429308286
1557,NY,20161203,49680.356286947186
1558,NY,20161204,49272.50789188453
1559,NY,20161205,78312.4631078348
1560,NY,20161206,68725.88626528338
1561,NY,20161207,66471.26092669369
1562,NY,20161208,72733.44288340678
1563,NY,20161209,54605.069745942106
1564,NY,20161210,75341.773752759
1565,NY,20161211,60126.16113669202
1566,NY,20161212,88149.51774801359
1567,NY,20161213,68637.61391707628
1568,NY,20161214,88602.16009375818
1569,NY,20161215,77511.39085643836
1570,NY,20161216,103639.8885420221
1571,NY,20161217,93963.31882650024
1572,NY,20161218,71052.60023016612
1573,NY,20161219,85921.20612923897
1574,NY,20161220,99514.23766618513
1575,NY,20161221,77092.52590959697
1576,NY,20161222,87302.5046741156
1577,NY,20161223,85615.51122447164
1578,NY,20161224,72501.5256690638
1579,NY,20161225,81122.59579976152
1580,NY,20161226,82490.24934232561
1581,NY,20161227,102664.66998478645
1582,NY,20161228,97309.426241367
1583,NY,20161229,111157.40295164053
1584,NY,20161230,71596.94278206702
1585,NY,20161231,95272.52961452672
1586,NY,20170101,98584.42116266582
1587,NY,20170102,120035.8339287151
1588,NY,20170103,110842.89356788226
1589,NY,20170104,84454.85906440734
1590,NY,20170105,104005.2096595584
1591,NY,20170106,110418.84685188149
1592,NY,20170107,98299.97140040582
1593,NY,20170108,96297.94967956886
1594,NY,20170109,98383.52149478486
1595,NY,20170110,117660.02159064052
1596,NY,20170111,105359.27802676131
1597,NY,20170112,115548.70135724399
1598,NY,20170113,101064.98830871462
1599,NY,20170114,133506.36507270872
1600,NY,20170115,162443.5711101965
1601,NY,20170116,127499.29510009866
1602,NY,20170117,123793.56471174359
1603,NY,20170118,185940.93664178022
1604,NY,20170119,150551.7544710754
1605,NY,20170120,131300.52708929026
1606,NY,20170121,141982.8472951339
1607,NY,20170122,162811.15780462322
1608,NY,20170123,159762.2257642329
1609,NY,20170124,206139.82939757747
1610,NY,20170125,157988.4030006976
1611,NY,20170126,163118.69090784548
1612,NY,20170127,147297.54740772632
1613,NY,20170128,149068.7524348294
1614,NY,20170129,122851.23421305613
1615,NY,20170130,189993.08385707173
1616,NY,20170131,145723.70809542574
1617,NY,20170201,144557.8203354888
1618,NY,20170202,159209.1601214087
1619,NY,20170203,131960.34864315743
1620,NY,20170204,182999.3302798451
1621,NY,20170205,174038.10920598407
1622,NY,20170206,197473.87562408077
1623,NY,20170207,169934.51783991195
1624,NY,20170208,139533.5654312124
1625,NY,20170209,147965.17248863078
1626,NY,20170210,146936.67131085973
1627,NY,20170211,147178.7135959264
1628,NY,20170212,153333.34276106456
1629,NY,20170213,146128.05406101135
1630,NY,20170214,132294.13305841535
1631,NY,20170215,129420.23427826595
1632,NY,20170216,139579.70096853358
1633,NY,20170217,134198.29194381405
1634,NY,20170218,99002.11952674856
1635,NY,20170219,102616.88369927598
1636,NY,20170220,126322.5015418518
1637,NY,20170221,119039.31519084785
1638,NY,20170222,116477.86800537574
1639,NY,20170223,96163.00463475802
1640,NY,20170224,99508.47068012356
1641,NY,20170225,89411.2754898532
1642,NY,20170226,90539.57678834813
1643,NY,20170227,105317.69452850807
1644,NY,20170228,93614.30428210422
1645,NY,20170301,90583.17484242526
1646,NY,20170302,63177.24433746603
1647,NY,20170303,61951.29190132625
1648,NY,20170304,55656.89579651524
1649,NY,20170305,101039.70315240882
1650,NY,20170306,113442.71073400957
1651,NY,20170307,147277.52260955574
1652,NY,20170308,95707.7832701322
1653,NY,20170309,77287.49244570636
1654,NY,20170310,84663.89085194553
1655,NY,20170311,82912.35665588871
1656,NY,20170312,93190.35837113853
1657,NY,20170313,78850.6781086209
1658,NY,20170314,63542.20974004488
1659,NY,20170315,88734.926017176
1660,NY,20170316,92724.84404610805
1661,NY,20170317,68112.38576395117
1662,NY,20170318,75325.87646634824
1663,NY,20170319,93661.73942295492
1664,NY,20170320,100126.42511803671
1665,NY,20170321,83353.8194379346
1666,NY,20170322,71200.18876340194
1667,NY,20170323,74828.41911559414
1668,NY,20170324,90251.74610664372
1669,NY,20170325,123663.00905665467
1670,NY,20170326,111229.08632023727
1671,NY,20170327,123638.78423807154
1672,NY,20170328,136325.58417802947
1673,NY,20170329,121585.16817735661
1674,NY,20170330,96016.26027750409
1675,NY,20170331,82990.2825442911
1676,NY,20170401,91307.3571673548
1677,NY,20170402,117739.06764331419
1678,NY,20170403,138181.03296629907
1679,NY,20170404,145975.47668648252
1680,NY,20170405,150642.09958528884
1681,NY,20170406,150648.59341356813
1682,NY,20170407,84004.78557253469
1683,NY,20170408,92702.32048178166
1684,NY,20170409,85330.94997761758
1685,NY,20170410,85869.48862472997
1686,NY,20170411,71262.92003941945
1687,NY,20170412,72905.62360382586
1688,NY,20170413,62732.228930275436
1689,NY,20170414,46361.14408519749
1690,NY,20170415,48944.510040189256
1691,NY,20170416,56777.82464994801
1692,NY,20170417,59653.61080544032
1693,NY,20170418,62477.89929966322
1694,NY,20170419,61544.90527994957
1695,NY,20170420,63576.34728069415
1696,NY,20170421,49200.75407730648
1697,NY,20170422,83092.38259526096
1698,NY,20170423,67759.62842934199
1699,NY,20170424,86828.34301251423
1700,NY,20170425,83034.29613186595
1701,NY,20170426,62390.76933962173
1702,NY,20170427,83616.40946957603
1703,NY,20170428,102168.88712428004
1704,NY,20170429,53025.443852713855
1705,NY,20170430,57915.62546856242
1706,NY,20170501,70993.06012649622
1707,NY,20170502,64317.20471002008
1708,NY,20170503,52923.58657654339
1709,NY,20170504,74464.85838799563
1710,NY,20170505,35063.88443181894
1711,NY,20170506,60060.801291975506
1712,NY,20170507,69834.8468134155
1713,NY,20170508,58618.375508680896
1714,NY,20170509,58038.88989692232
1715,NY,20170510,64272.413077036916
1716,NY,20170511,58026.02978120407
1717,NY,20170512,74586.76989120923
1718,NY,20170513,51075.817820545846
1719,NY,20170514,67325.26102594036
1720,NY,20170515,87413.17319700579
1721,NY,20170516,76762.00659118009
1722,NY,20170517,60573.500160936914
1723,NY,20170518,64729.57652521045
1724,NY,20170519,39124.151836580735
1725,NY,20170520,52268.210063330705
1726,NY,20170521,34807.61150381757
1727,NY,20170522,79911.4555399608
1728,NY,20170523,51044.77351587909
1729,NY,20170524,82045.26388692834
1730,NY,20170525,74634.16155611232
1731,NY,20170526,47571.366182961814
1732,NY,20170527,64444.03246161374
1733,NY,20170528,51178.666146428084
1734,NY,20170529,48256.09070613423
1735,NY,20170530,55219.53680169333
1736,NY,20170531,75843.25237370872
1737,NY,20170601,59376.34349310791
1738,NY,20170602,57883.627836587264
1739,NY,20170603,67762.06842385934
1740,NY,20170604,52699.377338909064
1741,NY,20170605,65577.6303365814
1742,NY,20170606,58047.824851412646
1743,NY,20170607,73369.13758441951
1744,NY,20170608,79731.91335088814
1745,NY,20170609,54911.30405323931
1746,NY,20170610,46198.27232830743
1747,NY,20170611,59979.584801920486
1748,NY,20170612,49705.261104246194
1749,NY,20170613,70528.66331621585
1750,NY,20170614,44264.565983662855
1751,NY,20170615,46779.40349987283
1752,NY,20170616,42537.23901876933
1753,NY,20170617,46429.299445112956
1754,NY,20170618,54017.274915065056
1755,NY,20170619,47878.271866806
1756,NY,20170620,54790.21511835001
1757,NY,20170621,66716.46914322501
1758,NY,20170622,50299.082732789764
1759,NY,20170623,68453.02705700572
1760,NY,20170624,44246.4543051417
1761,NY,20170625,36369.784447603735
1762,NY,20170626,54336.82911036197
1763,NY,20170627,41473.78156981999
1764,NY,20170628,46400.613887880856
1765,NY,20170629,40728.58286534439
1766,NY,20170630,52479.67323245993
1767,NY,20170701,47170.435923069024
1768,NY,20170702,43831.870595887885
1769,NY,20170703,42025.89689920815
1770,NY,20170704,37453.009748547316
1771,NY,20170705,50610.10551979519
1772,NY,20170706,53316.78572837345
1773,NY,20170707,44432.06440746454
1774,NY,20170708,26533.225148852132
1775,NY,20170709,42036.74954113767
1776,NY,20170710,65906.49485150907
1777,NY,20170711,50137.83024222439
1778,NY,20170712,39387.508323387716
1779,NY,20170713,30323.0115087257
1780,NY,20170714,47229.345712628
1781,NY,20170715,53734.19923793083
1782,NY,20170716,37541.824406962834
1783,NY,20170717,53452.528652698216
1784,NY,20170718,47719.09449401009
1785,NY,20170719,35011.871371445115
1786,NY,20170720,58544.803444048215
1787,NY,20170721,42714.20132158866
1788,NY,20170722,62135.1437231667
1789,NY,20170723,52054.9324210571
1790,NY,20170724,50064.379920995394
1791,NY,20170725,34869.657170282604
1792,NY,20170726,55605.12517192185
1793,NY,20170727,65994.60474549027
1794,NY,20170728,41250.126162564564
1795,NY,20170729,37452.80860759274
1796,NY,20170730,28848.3923121776
1797,NY,20170731,31667.948576652325
1798,NY,20170801,52612.95906835901
1799,NY,20170802,47197.347092812946
1800,NY,20170803,54677.06490841669
1801,NY,20170804,51334.092974092266
1802,NY,20170805,46695.083790636345
1803,NY,20170806,32781.60275191834
1804,NY,20170807,53318.7935430248
1805,NY,20170808,39770.31945816817
1806,NY,20170809,47358.15636028986
1807,NY,20170810,29519.78842788085
1808,NY,20170811,37670.66098587378
1809,NY,20170812,34303.163339855775
1810,NY,20170813,36829.3376945465
1811,NY,20170814,57309.74240559666
1812,NY,20170815,44020.125282918576
1813,NY,20170816,56792.48219350119
1814,NY,20170817,38984.60855185649
1815,NY,20170818,49796.40900091972
1816,NY,20170819,42864.85934017116
1817,NY,20170820,39582.10731250331
1818,NY,20170821,29835.389456083183
1819,NY,20170822,42056.12626236383
1820,NY,20170823,52546.87036158352
1821,NY,20170824,48775.17014762789
1822,NY,20170825,55743.8344075911
1823,NY,20170826,51481.84917625966
1824,NY,20170827,28805.72297239424
1825,NY,20170828,37990.89087613445
1826,NY,20170829,57694.43458590249
1827,NY,20170830,45811.87638875954
1828,NY,20170831,50126.65028109832
1829,NY,20170901,35208.85053253797
1830,NY,20170902,50278.68253800477
1831,NY,20170903,34224.42145298456
1832,NY,20170904,48868.574385725544
1833,NY,20170905,48775.438014108964
1834,NY,20170906,43195.97412137232
1835,NY,20170907,28836.4823205576
1836,NY,20170908,21723.59181181074
1837,NY,20170909,33473.72353575876
1838,NY,20170910,38464.322510863814
1839,NY,20170911,59757.11619736692
1840,NY,20170912,57968.94127407188
1841,NY,20170913,62353.31564089941
1842,NY,20170914,67171.72548700371
1843,NY,20170915,82708.22862521964
1844,NY,20170916,76814.09252442434
1845,NY,20170917,67043.54144301247
1846,NY,20170918,82261.6418332794
1847,NY,20170919,64974.536977019736
1848,NY,20170920,48197.33979379599
1849,NY,20170921,54668.357303507735
1850,NY,20170922,71678.30644813669
1851,NY,20170923,50766.51511562916
1852,NY,20170924,63738.83312204537
1853,NY,20170925,89480.70358628742
1854,NY,20170926,87442.15262788995
1855,NY,20170927,57366.27032283037
1856,NY,20170928,54665.719455637394
1857,NY,20170929,44764.72094648124
1858,NY,20170930,39804.82853763573
1859,NY,20171001,43295.911306772796
1860,NY,20171002,63682.13799520963
1861,NY,20171003,80819.54331218901
1862,NY,20171004,98101.8022360458
1863,NY,20171005,77556.16652679442
1864,NY,20171006,59101.318470728016
1865,NY,20171007,49009.004441491874
1866,NY,20171008,65079.27105325918
1867,NY,20171009,70816.5065171328
1868,NY,20171010,65404.94008282716
1869,NY,20171011,60154.89284533082
1870,NY,20171012,62580.658059172136
1871,NY,20171013,43986.878160853004
1872,NY,20171014,52214.781724305634
1873,NY,20171015,63934.017403179794
1874,NY,20171016,79051.83635440473
1875,NY,20171017,59094.06648837469
1876,NY,20171018,62466.421412172225
1877,NY,20171019,65273.086857473776
1878,NY,20171020,45237.99944459339
1879,NY,20171021,48960.83109742381
1880,NY,20171022,71315.82215512876
1881,NY,20171023,81534.64137170065
1882,NY,20171024,90338.85552202992
1883,NY,20171025,63860.90611058063
1884,NY,20171026,77306.1386573648
1885,NY,20171027,78909.10441015681
1886,NY,20171028,77035.61146411866
1887,NY,20171029,94679.4561272042
1888,NY,20171030,73006.16035811133
1889,NY,20171031,45136.89543485816
1890,NY,20171101,51724.64718319896
1891,NY,20171102,64801.27213065187
1892,NY,20171103,47361.07653542924
1893,NY,20171104,50220.501819333855
1894,NY,20171105,55488.19935673928
1895,NY,20171106,54093.685209391864
1896,NY,20171107,71583.70695974349
1897,NY,20171108,84786.41624414433
1898,NY,20171109,53922.956370582404
1899,NY,20171110,35820.480263029705
1900,NY,20171111,74027.96702034582
1901,NY,20171112,58075.08411855803
1902,NY,20171113,68186.38311982327
1903,NY,20171114,72340.82397235247
1904,NY,20171115,65506.551102343255
1905,NY,20171116,66833.01274310521
1906,NY,20171117,60054.22997948898
1907,NY,20171118,63462.240345028134
1908,NY,20171119,58277.44823520952
1909,NY,20171120,58844.165587314856
1910,NY,20171121,67614.64547868355
1911,NY,20171122,56609.548563172735
1912,NY,20171123,63034.426190667546
1913,NY,20171124,52552.370154140546
1914,NY,20171125,70559.36763027418
1915,NY,20171126,73494.87031480824
1916,NY,20171127,81454.7879347861
1917,NY,20171128,51502.24705120294
1918,NY,20171129,82460.94906890567
1919,NY,20171130,50188.841973324226
1920,NY,20171201,62541.31869836286
1921,NY,20171202,44078.20391893923
1922,NY,20171203,55180.94245082797
1923,NY,20171204,81587.47943069675
1924,NY,20171205,91985.53043507227
1925,NY,20171206,77835.31090818731
1926,NY,20171207,85722.00865024238
1927,NY,20171208,68904.12063940306
1928,NY,20171209,45289.549728535334
1929,NY,20171210,62073.749905890254
1930,NY,20171211,72426.51943192142
1931,NY,20171212,59598.100555669436
1932,NY,20171213,81625.1643347953
1933,NY,20171214,66355.51447546668
1934,NY,20171215,56309.83443303367
1935,NY,20171216,63788.25202659117
1936,NY,20171217,51477.47746761094
1937,NY,20171218,70630.51323822324
1938,NY,20171219,96274.06015866168
1939,NY,20171220,98513.76780654944
1940,NY,20171221,98145.48555002623
1941,NY,20171222,69796.50277529475
1942,NY,20171223,78715.6717295395
1943,NY,20171224,92166.44598684506
1944,NY,20171225,72826.5624301176
1945,NY,20171226,101571.0887659982
1946,NY,20171227,73990.84486679579
1947,NY,20171228,102707.2495513434
1948,NY,20171229,80419.04270061638
1949,NY,20171230,68908.29390399068
1950,NY,20171231,91766.43209308741
1951,NY,20180101,79506.21556359688
1952,NY,20180102,126723.56367755114
1953,NY,20180103,120141.46576305901
1954,NY,20180104,109757.7703143106
1955,NY,20180105,127201.67497665329
1956,NY,20180106,108819.35588850056
1957,NY,20180107,85093.66266543008
1958,NY,20180108,111740.50760488198
1959,NY,20180109,95071.34000137444
1960,NY,20180110,102846.4383817223
1961,NY,20180111,91231.4559213903
1962,NY,20180112,87051.27985874447
1963,NY,20180113,80497.3935718889
1964,NY,20180114,108750.56770717773
1965,NY,20180115,119499.15680486515
1966,NY,20180116,146212.04738225436
1967,NY,20180117,161783.89926973626
1968,NY,20180118,131356.85899465744
1969,NY,20180119,148256.59936697164
1970,NY,20180120,147244.80307182312
1971,NY,20180121,176184.22072352792
1972,NY,20180122,164757.98198775214
1973,NY,20180123,206611.5160632032
1974,NY,20180124,165559.94766874705
2151,PA,20151002,10031.934019388887
2152,PA,20151003,14594.739473287038
2153,PA,20151004,16758.703463058333
2154,PA,20151005,4816.941661481482
2155,PA,20151006,5215.923813983333
2156,PA,20151007,18691.27587143333
2157,PA,20151008,15995.291736498659
2158,PA,20151009,12005.879622441667
2159,PA,20151010,8798.557965388889
2160,PA,20151011,11084.470738527778
2161,PA,20151012,8868.79960525
2162,PA,20151013,18837.33710589236
2163,PA,20151014,11808.516841643926
2164,PA,20151015,9765.456942657409
2165,PA,20151016,14676.05118709375
2166,PA,20151017,13796.497626037037
2167,PA,20151018,10668.286832144879
2168,PA,20151019,9728.963049200978
2169,PA,20151020,14122.463570009375
2170,PA,20151021,12929.881170245302
2171,PA,20151022,6526.297982911767
2172,PA,20151023,7356.856499328907
2173,PA,20151024,11674.206750408284
2174,PA,20151025,15501.359399699646
2175,PA,20151026,22246.573660413105
2176,PA,20151027,15325.065147583928
2177,PA,20151028,25085.13873432662
2178,PA,20151029,7449.44130727284
2179,PA,20151030,11082.780721547457
2180,PA,20151031,4511.182357407406
2181,PA,20151101,8042.284859598625
2182,PA,20151102,16418.257859424313
2183,PA,20151103,12944.062017648146
2184,PA,20151104,26073.12340465414
2185,PA,20151105,31762.06777952542
2186,PA,20151106,20924.911155059788
2187,PA,20151107,16194.808222610514
2188,PA,20151108,14456.785712345647
2189,PA,20151109,17865.701665270833
2190,PA,20151110,7963.488827531877
2191,PA,20151111,17048.071494125372
2192,PA,20151112,18907.185732197184
2193,PA,20151113,26904.888741372484
2194,PA,20151114,13669.46653808059
2195,PA,20151115,11985.336790505322
2196,PA,20151116,14328.332498353091
2197,PA,20151117,18111.97217444764
2198,PA,20151118,16161.115709607757
2199,PA,20151119,32173.414838277167
2200,PA,20151120,25764.394148102496
2201,PA,20151121,21321.013679651693
2202,PA,20151122,31621.465006010967
2203,PA,20151123,14445.071704390439
2204,PA,20151124,18473.859725645245
2205,PA,20151125,13679.016704749705
2206,PA,20151126,22869.716449875377
2207,PA,20151127,11065.898612924137
2208,PA,20151128,21514.552935479616
2209,PA,20151129,20503.745509931938
2210,PA,20151130,18079.93831363526
2211,PA,20151201,23340.15247516064
2212,PA,20151202,36747.8473483842
2213,PA,20151203,35303.177756665595
2214,PA,20151204,22823.697849332777
2215,PA,20151205,21446.05521837449
2216,PA,20151206,22795.986293117443
2217,PA,20151207,27218.391928231144
2218,PA,20151208,24233.406656182342
2219,PA,20151209,31077.603552640063
2220,PA,20151210,16978.86705376451
2221,PA,20151211,20308.878679198835
2222,PA,20151212,14497.00687804956
2223,PA,20151213,22958.0990248401
2224,PA,20151214,20352.57610380979
2225,PA,20151215,17823.99113251736
2226,PA,20151216,15115.104809017248
2227,PA,20151217,27493.97947939
2228,PA,20151218,24667.277282156945
2229,PA,20151219,25456.47620950548
2230,PA,20151220,24762.741342162997
2231,PA,20151221,38265.874881130134
2232,PA,20151222,30804.108280982582
2233,PA,20151223,22094.27488060669
2234,PA,20151224,55211.340397335436
2235,PA,20151225,25308.564155013242
2236,PA,20151226,38720.57264452897
2237,PA,20151227,45093.1142261788
2238,PA,20151228,37886.97804905982
2239,PA,20151229,44449.88331854776
2240,PA,20151230,40374.29551827901
2241,PA,20151231,44799.554115666935
2242,PA,20160101,37750.26044135187
2243,PA,20160102,48791.639149774484
2244,PA,20160103,26530.06963598356
2245,PA,20160104,31373.904025235483
2246,PA,20160105,38344.687733687795
2247,PA,20160106,41334.561045923394
2248,PA,20160107,23413.98369847815
2249,PA,20160108,34126.83146607249
2250,PA,20160109,37404.706888078596
2251,PA,20160110,29825.31430095521
2252,PA,20160111,35124.75344941578
2253,PA,20160112,49142.75145150544
2254,PA,20160113,29515.473174285933
2255,PA,20160114,31396.90880656464
2256,PA,20160115,31772.32129708734
2257,PA,20160116,11929.383595051973
2258,PA,20160117,14931.72983204324
2259,PA,20160118,21793.054498827958
2260,PA,20160119,28639.76799515949
2261,PA,20160120,32113.98739250511
2262,PA,20160121,31157.54949024125
2263,PA,20160122,21963.17780216741
2264,PA,20160123,24047.28290979977
2265,PA,20160124,38701.96783263337
2266,PA,20160125,24290.150165511583
2267,PA,20160126,52812.26976205024
2268,PA,20160127,57214.32839945791
2269,PA,20160128,44549.34007170171
2270,PA,20160129,40130.33855462601
2271,PA,20160130,41231.04324924633
2272,PA,20160131,59630.80743239372
2273,PA,20160201,69738.18105100798
2274,PA,20160202,47473.20369822536
2275,PA,20160203,60987.3278422964
2276,PA,20160204,54926.90125104519
2277,PA,20160205,28784.634898543638
2278,PA,20160206,33743.5744572685
2279,PA,20160207,36140.17570195306
2280,PA,20160208,63994.315613730134
2281,PA,20160209,68913.89447610326
2282,PA,20160210,49722.994563531785
2283,PA,20160211,50106.16454400285
2284,PA,20160212,34332.43136282871
2285,PA,20160213,45945.260604748386
2286,PA,20160214,52420.02141388442
2287,PA,20160215,60784.734833111346
2288,PA,20160216,60730.696588129875
2289,PA,20160217,66333.34134504896
2290,PA,20160218,70120.38479139064
2291,PA,20160219,72795.65185432133
2292,PA,20160220,64509.79205126369
2293,PA,20160221,60648.686594145096
2294,PA,20160222,66982.482457895
2295,PA,20160223,83290.46648675171
2296,PA,20160224,61969.48286300763
2297,PA,20160225,55686.64067445164
2298,PA,20160226,63223.686197134026
2299,PA,20160227,53733.77309656421
2300,PA,20160228,79044.67187487651
2301,PA,20160229,115205.34361156619
2302,PA,20160301,125871.58016537508
2303,PA,20160302,92188.99130688536
2304,PA,20160303,79203.09721235673
2305,PA,20160304,79283.07213958669
2306,PA,20160305,73307.46319519442
2307,PA,20160306,96571.60837402857
2308,PA,20160307,108296.07573903126
2309,PA,20160308,127915.68351410565
2310,PA,20160309,106917.19280806162
2311,PA,20160310,107224.62856608712
2312,PA,20160311,81815.07808109662
2313,PA,20160312,60351.89485333781
2314,PA,20160313,70998.38152271128
2315,PA,20160314,65668.47309205147
2316,PA,20160315,64898.41653468466
2317,PA,20160316,66879.0160764328
2318,PA,20160317,85903.11855979466
2319,PA,20160318,66387.57348660595
2320,PA,20160319,67898.36364893222
2321,PA,20160320,85305.84497671675
2322,PA,20160321,79078.60002450274
2323,PA,20160322,57962.07976385161
2324,PA,20160323,75200.6069017225
2325,PA,20160324,67414.14777788497
2326,PA,20160325,51906.013527691546
2327,PA,20160326,53307.11071468617
2328,PA,20160327,47427.16498910156
2329,PA,20160328,56222.99434842584
2330,PA,20160329,65677.78272952286
2331,PA,20160330,56991.375621981926
2332,PA,20160331,60381.86419012758
2333,PA,20160401,52455.30538804855
2334,PA,20160402,60371.679604519275
2335,PA,20160403,53917.871762577706
2336,PA,20160404,65584.73279634376
2337,PA,20160405,69946.3735157094
2338,PA,20160406,44809.54730945624
2339,PA,20160407,56090.70443762388
2340,PA,20160408,36070.026321957965
2341,PA,20160409,21815.88363112346
2342,PA,20160410,37650.923005638484
2343,PA,20160411,47106.151157330554
2344,PA,20160412,41727.2890221275
2345,PA,20160413,59923.9498428504
2346,PA,20160414,46425.99869674618
2347,PA,20160415,34037.91676726591
2348,PA,20160416,48338.96782457773
2349,PA,20160417,44636.20849367716
2350,PA,20160418,45766.04541587381
2351,PA,20160419,43190.61375110782
2352,PA,20160420,42546.04900265101
2353,PA,20160421,49399.3407298475
2354,PA,20160422,54233.40137598625
2355,PA,20160423,44717.21636282634
2356,PA,20160424,41152.06260645705
2357,PA,20160425,39290.669263236974
2358,PA,20160426,40354.25002960007
2359,PA,20160427,27961.165023764785
2360,PA,20160428,48254.01889083
2361,PA,20160429,39636.70069563273
2362,PA,20160430,40104.34272462988
2363,PA,20160501,38630.12883171498
2364,PA,20160502,38015.7260025194
2365,PA,20160503,47376.087539896
2366,PA,20160504,30545.409223465736
2367,PA,20160505,40059.60412830915
2368,PA,20160506,25464.156097113868
2369,PA,20160507,18109.713900912106
2370,PA,20160508,28820.858237262983
2371,PA,20160509,37225.48968590313
2372,PA,20160510,39017.303094582036
2373,PA,20160511,26070.555782609303
2374,PA,20160512,47562.353643008115
2375,PA,20160513,26934.80166572959
2376,PA,20160514,45420.51475209498
2377,PA,20160515,40760.10882202648
2378,PA,20160516,35919.81874177283
2379,PA,20160517,32291.342886260816
2380,PA,20160518,41334.49343913145
2381,PA,20160519,53029.40637788455
2382,PA,20160520,44305.374026386766
2383,PA,20160521,25213.518532520666
2384,PA,20160522,46676.23964297651
2385,PA,20160523,46839.63519333841
2386,PA,20160524,45086.82731680138
2387,PA,20160525,40583.24952558402
2388,PA,20160526,41500.80517585525
2389,PA,20160527,31472.922497596435
2390,PA,20160528,33563.28754870102
2391,PA,20160529,43501.488506574315
2392,PA,20160530,36399.48119955768
2393,PA,20160531,19005.1221494225
2394,PA,20160601,33629.86763397753
2395,PA,20160602,43822.96559818963
2396,PA,20160603,38585.83473283946
2397,PA,20160604,37498.41450536021
2398,PA,20160605,43998.99084248197
2399,PA,20160606,40561.09215759411
2400,PA,20160607,43309.04887098359
2401,PA,20160608,33619.70784427014
2402,PA,20160609,19880.215618247894
2403,PA,20160610,26053.280832121625
2404,PA,20160611,21719.27889635284
2405,PA,20160612,20831.60367851729
2406,PA,20160613,20107.586880169907
2407,PA,20160614,27124.291278729765
2408,PA,20160615,16173.891683845744
2409,PA,20160616,30809.593887950978
2410,PA,20160617,13530.46990149766
2411,PA,20160618,22057.24324782338
2412,PA,20160619,16958.068668578173
2413,PA,20160620,15253.431085660017
2414,PA,20160621,21060.189340788827
2415,PA,20160622,27789.425731716063
2416,PA,20160623,40879.73106478663
2417,PA,20160624,27411.86845823561
2418,PA,20160625,25250.14956635665
2419,PA,20160626,13104.196336869323
2420,PA,20160627,19220.809924378293
2421,PA,20160628,22982.207754550516
2422,PA,20160629,11655.220899460835
2423,PA,20160630,17812.261578959497
2424,PA,20160701,21986.23536494674
2425,PA,20160702,28960.611901351767
2426,PA,20160703,14961.753323381823
2427,PA,20160704,23373.740535127694
2428,PA,20160705,35445.37973971923
2429,PA,20160706,36596.2372978539
2430,PA,20160707,26093.45180949476
2431,PA,20160708,31281.644527532637
2432,PA,20160709,25611.069988736846
2433,PA,20160710,31323.4206063576
2434,PA,20160711,11249.972887944234
2435,PA,20160712,14314.152440767359
2436,PA,20160713,9842.814459600655
2437,PA,20160714,6323.647369938597
2438,PA,20160715,25410.156066846594
2439,PA,20160716,18893.42629544616
2440,PA,20160717,19081.395710448636
2441,PA,20160718,28959.12853984097
2442,PA,20160719,22832.76729231738
2443,PA,20160720,21486.40323385651
2444,PA,20160721,29438.591203242348
2445,PA,20160722,24973.835854546407
2446,PA,20160723,31677.477173569267
2447,PA,20160724,30462.05066204857
2448,PA,20160725,31062.247840274795
2449,PA,20160726,21218.10365344165
2450,PA,20160727,47638.36924650635
2451,PA,20160728,18351.663925444427
2452,PA,20160729,17633.381175873197
2453,PA,20160730,19791.51573587827
2454,PA,20160731,36126.96549413335
2455,PA,20160801,27893.014608342863
2456,PA,20160802,24006.762051910093
2457,PA,20160803,24519.945883355816
2458,PA,20160804,16426.91916590817
2459,PA,20160805,15574.525569169507
2460,PA,20160806,20621.898208371884
2461,PA,20160807,16742.130575955376
2462,PA,20160808,29431.823911072435
2463,PA,20160809,26426.57954176506
2464,PA,20160810,35278.64370985497
2465,PA,20160811,22280.54359432245
2466,PA,20160812,28132.04694685857
2467,PA,20160813,22610.565162901832
2468,PA,20160814,33977.2262363002
2469,PA,20160815,21065.870335629443
2470,PA,20160816,21077.45228372595
2471,PA,20160817,37178.514097130515
2472,PA,20160818,34452.0709850941
2473,PA,20160819,14607.321582626899
2474,PA,20160820,24059.221938744413
2475,PA,20160821,7626.796106081926
2476,PA,20160822,25104.478767857177
2477,PA,20160823,23460.324007568222
2478,PA,20160824,27470.18036526926
2479,PA,20160825,42412.53773930174
2480,PA,20160826,31461.081530444735
2481,PA,20160827,21869.50893172314
2482,PA,20160828,44284.277939174484
2483,PA,20160829,29011.236000327728
2484,PA,20160830,22167.747713714438
2485,PA,20160831,40982.767257626896
2486,PA,20160901,50463.55405964184
2487,PA,20160902,31605.226678650462
2488,PA,20160903,35356.4071042975
2489,PA,20160904,21705.827641577132
2490,PA,20160905,16883.942220843335
2491,PA,20160906,36975.095408121604
2492,PA,20160907,39050.51268555679
2493,PA,20160908,27619.242914563067
2494,PA,20160909,19686.18393209843
2495,PA,20160910,34743.673855793015
2496,PA,20160911,26086.093061197746
2497,PA,20160912,36675.86609846381
2498,PA,20160913,35312.74930098938
2499,PA,20160914,35426.90956761418
2500,PA,20160915,43213.56153620786
2501,PA,20160916,23901.69239417123
2502,PA,20160917,40634.89330508036
2503,PA,20160918,64685.758249802726
2504,PA,20160919,64856.49064539914
2505,PA,20160920,55633.060696523615
2506,PA,20160921,56912.86973871325
2507,PA,20160922,29050.073113514198
2508,PA,20160923,20786.281235862367
2509,PA,20160924,15465.025702517358
2510,PA,20160925,22724.647086455487
2511,PA,20160926,40078.477760071946
2512,PA,20160927,34321.984118460685
2513,PA,20160928,32588.067551624838
2514,PA,20160929,42386.05662990385
2515,PA,20160930,32883.564291895134
2516,PA,20161001,34977.67025697001
2517,PA,20161002,36176.57536121267
2518,PA,20161003,39765.69091933245
2519,PA,20161004,51219.92503808285
2520,PA,20161005,50552.59114815491
2521,PA,20161006,40460.818611539646
2522,PA,20161007,32726.77636156737
2523,PA,20161008,24218.09770716068
2524,PA,20161009,35936.03155089508
2525,PA,20161010,39223.44924708423
2526,PA,20161011,41815.238658083836
2527,PA,20161012,45468.14630194809
2528,PA,20161013,29749.828310055316
2529,PA,20161014,36611.23761071167
2530,PA,20161015,32555.21985885915
2531,PA,20161016,41908.08760490717
2532,PA,20161017,70203.13245613207
2533,PA,20161018,48287.77545931637
2534,PA,20161019,45422.076564845185
2535,PA,20161020,52606.117818321116
2536,PA,20161021,50421.654531591295
2537,PA,20161022,41067.162759838684
2538,PA,20161023,42496.82793854282
2539,PA,20161024,43740.55404677324
2540,PA,20161025,52363.536106852735
2541,PA,20161026,43085.84977624546
2542,PA,20161027,32746.058274900253
2543,PA,20161028,52988.084825319675
2544,PA,20161029,40219.28664022523
2545,PA,20161030,50862.90543470116
2546,PA,20161031,35261.779482907674
2547,PA,20161101,39191.69753834774
2548,PA,20161102,51564.02255836159
2549,PA,20161103,40580.698744124194
2550,PA,20161104,29069.163464566947
2551,PA,20161105,24712.91274030126
2552,PA,20161106,34729.44389975445
2553,PA,20161107,49485.36155369341
2554,PA,20161108,46094.22901985809
2555,PA,20161109,31172.136425311674
2556,PA,20161110,32814.43751085308
2557,PA,20161111,33774.25563134257
2558,PA,20161112,41045.589042715095
2559,PA,20161113,55256.06878264572
2560,PA,20161114,44477.611060672854
2561,PA,20161115,67557.98678218717
2562,PA,20161116,53692.99985271503
2563,PA,20161117,47482.15163817876
2564,PA,20161118,45359.654839165996
2565,PA,20161119,34863.46830793944
2566,PA,20161120,37800.510557404064
2567,PA,20161121,29633.921230446802
2568,PA,20161122,44016.32804223152
2569,PA,20161123,41099.05267027348
2570,PA,20161124,32309.580085173366
2571,PA,20161125,51605.51889352374
2572,PA,20161126,41607.35192070768
2573,PA,20161127,37484.581588421126
2574,PA,20161128,45749.87270633211
2575,PA,20161129,54511.16481645903
2576,PA,20161130,68612.11819620758
2577,PA,20161201,53233.715998171465
2578,PA,20161202,38507.60040128382
2579,PA,20161203,32762.337180362334
2580,PA,20161204,56588.5781805859
2581,PA,20161205,61929.69890895375
2582,PA,20161206,50144.926344055544
2583,PA,20161207,32572.151193736514
2584,PA,20161208,51471.38133287165
2585,PA,20161209,43204.254916952035
2586,PA,20161210,30791.511921616133
2587,PA,20161211,56208.4880099188
2588,PA,20161212,48673.76784496632
2589,PA,20161213,59959.898599173524
2590,PA,20161214,58242.429565461134
2591,PA,20161215,48956.16482457458
2592,PA,20161216,49698.08863082619
2593,PA,20161217,32522.29296908309
2594,PA,20161218,54925.63248831894
2595,PA,20161219,57699.60475292822
2596,PA,20161220,43694.596025376544
2597,PA,20161221,54901.10284657954
2598,PA,20161222,55932.33291533894
2599,PA,20161223,59741.608520259666
2600,PA,20161224,51424.50593060247
2601,PA,20161225,46280.99241536402
2602,PA,20161226,91367.44892941944
2603,PA,20161227,104915.04428206327
2604,PA,20161228,73748.23491987729
2605,PA,20161229,82266.70833401202
2606,PA,20161230,53979.8304232104
2607,PA,20161231,43387.324583190886
2608,PA,20170101,59523.615614816525
2609,PA,20170102,60916.27363968647
2610,PA,20170103,100990.67201938908
2611,PA,20170104,82896.92688887328
2612,PA,20170105,53400.05045056627
2613,PA,20170106,57026.98219687742
2614,PA,20170107,78805.58257462378
2615,PA,20170108,93608.88315125098
2616,PA,20170109,110424.88190407932
2617,PA,20170110,93009.83767533851
2618,PA,20170111,68417.02579694887
2619,PA,20170112,67334.19074897145
2620,PA,20170113,60407.037591323366
2621,PA,20170114,54946.46461406117
2622,PA,20170115,77681.02742622883
2623,PA,20170116,94695.9965837365
2624,PA,20170117,86003.04594277716
2625,PA,20170118,129459.68073376744
2626,PA,20170119,91418.79005385881
2627,PA,20170120,84638.6123727642
2628,PA,20170121,81582.80702307378
2629,PA,20170122,98367.24064682824
2630,PA,20170123,142376.48642933034
2631,PA,20170124,109535.9781500978
2632,PA,20170125,93766.39820966443
2633,PA,20170126,100761.59101966034
2634,PA,20170127,78047.83399766134
2635,PA,20170128,80256.528284246
2636,PA,20170129,92129.82493596581
2637,PA,20170130,99590.54514492367
2638,PA,20170131,104233.58853765587
2639,PA,20170201,94903.88200643187
2640,PA,20170202,94126.38790817637
2641,PA,20170203,79094.52881333385
2642,PA,20170204,89673.62299334102
2643,PA,20170205,118313.82758514654
2644,PA,20170206,143176.54461063995
2645,PA,20170207,148862.4746026328
2646,PA,20170208,138567.10696989176
2647,PA,20170209,92163.86253217616
2648,PA,20170210,92839.45130238816
2649,PA,20170211,70174.160613506
2650,PA,20170212,65076.58389794376
2651,PA,20170213,111921.29253303484
2652,PA,20170214,95422.27319516664
2653,PA,20170215,102532.85990570294
2654,PA,20170216,77361.40559649724
2655,PA,20170217,101658.83591578327
2656,PA,20170218,90025.60642793919
2657,PA,20170219,92202.9010345957
2658,PA,20170220,130006.78942526055
2659,PA,20170221,117023.47266434175
2660,PA,20170222,85827.32615691598
2661,PA,20170223,86705.4541933782
2662,PA,20170224,100314.35388302656
2663,PA,20170225,90756.86377829892
2664,PA,20170226,72573.79584242501
2665,PA,20170227,79633.41503042447
2666,PA,20170228,77929.02587555439
2667,PA,20170301,72253.48804245418
2668,PA,20170302,70978.24621939758
2669,PA,20170303,44080.75917288441
2670,PA,20170304,55452.35899205168
2671,PA,20170305,67835.12894140196
2672,PA,20170306,99038.38328598754
2673,PA,20170307,84722.43997501122
2674,PA,20170308,54248.95285809994
2675,PA,20170309,63502.41765272245
2676,PA,20170310,48770.231176546884
2677,PA,20170311,44036.2329815748
2678,PA,20170312,71981.20896740607
2679,PA,20170313,82204.32529182022
2680,PA,20170314,81902.9933598929
2681,PA,20170315,61755.36113975665
2682,PA,20170316,49529.543189666816
2683,PA,20170317,34755.48581169998
2684,PA,20170318,54731.605735094745
2685,PA,20170319,92061.48736361656
2686,PA,20170320,94763.36183165971
2687,PA,20170321,69464.22104280062
2688,PA,20170322,67557.8846249946
2689,PA,20170323,67649.5274472478
2690,PA,20170324,61570.10266495244
2691,PA,20170325,38946.21653484131
2692,PA,20170326,40152.686648625604
2693,PA,20170327,79276.0144822854
2694,PA,20170328,71043.67973950997
2695,PA,20170329,69982.40496505039
2696,PA,20170330,57477.816115275535
2697,PA,20170331,45765.271120876925
2698,PA,20170401,56575.641521483834
2699,PA,20170402,47753.39473000682
2700,PA,20170403,66211.65068009662
2701,PA,20170404,92260.9776141237
2702,PA,20170405,52220.302260147786
2703,PA,20170406,52488.27910198227
2704,PA,20170407,47688.37530897953
2705,PA,20170408,33960.73520995222
2706,PA,20170409,52199.473369699386
2707,PA,20170410,56917.073621288495
2708,PA,20170411,53368.71413197873
2709,PA,20170412,36121.83701706812
2710,PA,20170413,40972.78443740333
2711,PA,20170414,40013.152023233306
2712,PA,20170415,40306.28126878938
2713,PA,20170416,58230.12348757955
2714,PA,20170417,74379.26796821218
2715,PA,20170418,45899.39184090601
2716,PA,20170419,53810.03553683408
2717,PA,20170420,45498.760554992405
2718,PA,20170421,39091.5978513014
2719,PA,20170422,44466.79788365707
2720,PA,20170423,42337.513816838815
2721,PA,20170424,52609.76151260172
2722,PA,20170425,52493.90704077796
2723,PA,20170426,43888.592102692586
2724,PA,20170427,62379.352332700284
2725,PA,20170428,46389.30816774509
2726,PA,20170429,26142.242838302656
2727,PA,20170430,58628.736909768115
2728,PA,20170501,49098.01785767798
2729,PA,20170502,36101.0789361493
2730,PA,20170503,29122.393256662577
2731,PA,20170504,31148.537373662264
2732,PA,20170505,55061.90213388057
2733,PA,20170506,40868.981285093294
2734,PA,20170507,36563.38677267752
2735,PA,20170508,28203.329161868496
2736,PA,20170509,36456.07531382599
2737,PA,20170510,28468.66813373207
2738,PA,20170511,19462.36390546681
2739,PA,20170512,38329.67768683452
2740,PA,20170513,27064.600252386917
2741,PA,20170514,47313.411775679924
2742,PA,20170515,55870.46382028451
2743,PA,20170516,47968.731278136795
2744,PA,20170517,49391.51438517788
2745,PA,20170518,40806.804555728464
2746,PA,20170519,48267.881063234905
2747,PA,20170520,37727.76650724629
2748,PA,20170521,28503.499420646465
2749,PA,20170522,48377.508539231465
2750,PA,20170523,43728.897082842734
2751,PA,20170524,38930.50245039058
2752,PA,20170525,38430.3053625487
2753,PA,20170526,33682.92159858511
2754,PA,20170527,32114.20311147852
2755,PA,20170528,33105.992756261774
2756,PA,20170529,34674.54434541278
2757,PA,20170530,31835.149806140096
2758,PA,20170531,24403.913296367027
2759,PA,20170601,40756.703152417176
2760,PA,20170602,38173.92108148943
2761,PA,20170603,32987.948547389475
2762,PA,20170604,33485.334925139345
2763,PA,20170605,33901.081458401735
2764,PA,20170606,28628.94067232323
2765,PA,20170607,30534.028780789213
2766,PA,20170608,23831.085701895747
2767,PA,20170609,17498.327092340027
2768,PA,20170610,17476.324795803142
2769,PA,20170611,23304.79368464981
2770,PA,20170612,20004.899686230496
2771,PA,20170613,14826.654959253618
2772,PA,20170614,7653.6109960549375
2773,PA,20170615,28595.534047563266
2774,PA,20170616,28117.993139568807
2775,PA,20170617,20918.890505172458
2776,PA,20170618,9495.532604399192
2777,PA,20170619,29533.99608721657
2778,PA,20170620,24158.93168144397
2779,PA,20170621,21368.43503040566
2780,PA,20170622,34962.638071613015
2781,PA,20170623,36727.42753194242
2782,PA,20170624,23809.903284089214
2783,PA,20170625,32501.679851934525
2784,PA,20170626,31671.12454822886
2785,PA,20170627,27735.410497256747
2786,PA,20170628,26392.330660314354
2787,PA,20170629,30224.34102273063
2788,PA,20170630,25644.52818295493
2789,PA,20170701,14798.027912683408
2790,PA,20170702,20350.901662856624
2791,PA,20170703,27034.359812313887
2792,PA,20170704,28867.69257768604
2793,PA,20170705,36782.95843836509
2794,PA,20170706,25805.528932799647
2795,PA,20170707,18137.93637665973
2796,PA,20170708,17908.245206262145
2797,PA,20170709,31237.909240492252
2798,PA,20170710,16573.942819511736
2799,PA,20170711,29626.386147984478
2800,PA,20170712,17950.260467664448
2801,PA,20170713,27752.6352855259
2802,PA,20170714,25099.898629997417
2803,PA,20170715,17256.240442085305
2804,PA,20170716,18344.27233011447
2805,PA,20170717,24151.887510891967
2806,PA,20170718,38417.81471562605
2807,PA,20170719,36127.11252724991
2808,PA,20170720,11662.04374081837
2809,PA,20170721,10522.579257574946
2810,PA,20170722,32054.495180832408
2811,PA,20170723,25458.22812335815
2812,PA,20170724,24649.77597932747
2813,PA,20170725,28588.33868997429
2814,PA,20170726,25023.213219301484
2815,PA,20170727,28638.668176513485
2816,PA,20170728,37635.12366879353
2817,PA,20170729,27435.96480958183
2818,PA,20170730,32893.95937127569
2819,PA,20170731,21786.773439127108
2820,PA,20170801,38546.93489817125
2821,PA,20170802,32969.221297931545
2822,PA,20170803,23459.04804684417
2823,PA,20170804,22837.79125160332
2824,PA,20170805,26614.680723303056
2825,PA,20170806,31886.38702981373
2826,PA,20170807,23793.5308391536
2827,PA,20170808,24236.18008445272
2828,PA,20170809,10925.798753145647
2829,PA,20170810,20475.15798478337
2830,PA,20170811,26859.352530409826
2831,PA,20170812,18174.63071703575
2832,PA,20170813,21463.326074789475
2833,PA,20170814,17451.542028197495
2834,PA,20170815,26400.13763707437
2835,PA,20170816,20707.92214758215
2836,PA,20170817,28603.042051467582
2837,PA,20170818,27329.030415886737
2838,PA,20170819,24049.0412632398
2839,PA,20170820,16431.230223528935
2840,PA,20170821,13890.751401244597
2841,PA,20170822,19370.327012352776
2842,PA,20170823,16563.489438553403
2843,PA,20170824,27588.224197426833
2844,PA,20170825,27593.50882272936
2845,PA,20170826,24613.811634745958
2846,PA,20170827,27921.41017764644
2847,PA,20170828,28166.896202387066
2848,PA,20170829,38447.736237752564
2849,PA,20170830,44642.98539754415
2850,PA,20170831,42753.60129547684
2851,PA,20170901,53979.7643775985
2852,PA,20170902,21515.58584746904
2853,PA,20170903,34397.502851925565
2854,PA,20170904,44426.933735058265
2855,PA,20170905,64643.98772417621
2856,PA,20170906,41419.89138240937
2857,PA,20170907,56276.17247021046
2858,PA,20170908,56072.95288526316
2859,PA,20170909,45291.31020982288
2860,PA,20170910,27736.1715273146
2861,PA,20170911,54769.05289214164
2862,PA,20170912,43538.25015725221
2863,PA,20170913,35004.049892295814
2864,PA,20170914,43447.43204893456
2865,PA,20170915,36819.9295273694
2866,PA,20170916,27014.997380879857
2867,PA,20170917,40571.89103244439
2868,PA,20170918,60393.485863528724
2869,PA,20170919,38828.09966659248
2870,PA,20170920,39192.41510348828
2871,PA,20170921,72915.16600090728
2872,PA,20170922,59495.12387093977
2873,PA,20170923,31780.71796279821
2874,PA,20170924,39220.21328778701
2875,PA,20170925,48279.31660225369
2876,PA,20170926,37525.29458679255
2877,PA,20170927,28647.74168242404
2878,PA,20170928,28484.80749330089
2879,PA,20170929,24675.208117672148
2880,PA,20170930,31792.977016114848
2881,PA,20171001,25558.858886425805
2882,PA,20171002,37381.367178624736
2883,PA,20171003,31490.845121004262
2884,PA,20171004,35182.8803365981
2885,PA,20171005,64920.782303134736
2886,PA,20171006,41246.85221018515
2887,PA,20171007,27626.044394784327
2888,PA,20171008,40624.26946784898
2889,PA,20171009,64366.6963476995
2890,PA,20171010,42228.33160403797
2891,PA,20171011,46056.73703607506
2892,PA,20171012,50624.098865653454
2893,PA,20171013,34853.34972030509
2894,PA,20171014,40964.82263017122
2895,PA,20171015,46371.29424018263
2896,PA,20171016,59785.334843498495
2897,PA,20171017,38011.984295798335
2898,PA,20171018,47669.76059683914
2899,PA,20171019,41725.64147629251
2900,PA,20171020,54215.02800077843
2901,PA,20171021,36210.09652938389
2902,PA,20171022,26216.097663912882
2903,PA,20171023,64942.035910254024
2904,PA,20171024,49507.64062370304
2905,PA,20171025,45012.526233521545
2906,PA,20171026,49996.03539350506
2907,PA,20171027,55946.92575498744
2908,PA,20171028,40451.223473297
2909,PA,20171029,46972.330681739724
2910,PA,20171030,53040.03553805733
2911,PA,20171031,31743.18735711572
2912,PA,20171101,47156.44794325579
2913,PA,20171102,54811.76141479411
2914,PA,20171103,52819.35083763726
2915,PA,20171104,24775.419181658574
2916,PA,20171105,35567.994737446934
2917,PA,20171106,39023.31932105851
2918,PA,20171107,86995.22235194527
2919,PA,20171108,50633.40332167453
2920,PA,20171109,45231.75641016647
2921,PA,20171110,27939.61086407026
2922,PA,20171111,11463.03872090314
2923,PA,20171112,52282.73451010983
2924,PA,20171113,70658.98623835054
2925,PA,20171114,54145.611987781886
2926,PA,20171115,39703.052342495364
2927,PA,20171116,40511.721838021054
2928,PA,20171117,58514.65950510024
2929,PA,20171118,51763.791497218655
2930,PA,20171119,43122.53105141812
2931,PA,20171120,50674.75336850039
2932,PA,20171121,45839.93749598706
2933,PA,20171122,43049.17438955513
2934,PA,20171123,35529.50518010132
2935,PA,20171124,47331.321433237244
2936,PA,20171125,36040.26363494355
2937,PA,20171126,33729.27854141484
2938,PA,20171127,62474.269082043604
2939,PA,20171128,38428.134719127695
2940,PA,20171129,34328.34798989435
2941,PA,20171130,50770.2965973775
2942,PA,20171201,43460.853960222405
2943,PA,20171202,49927.004485908605
2944,PA,20171203,45421.09835119332
2945,PA,20171204,64369.02369125917
2946,PA,20171205,61239.07565908157
2947,PA,20171206,53604.25549776298
2948,PA,20171207,45016.8204276817
2949,PA,20171208,31988.335161143823
2950,PA,20171209,43237.997987081784
2951,PA,20171210,41981.41292716387
2952,PA,20171211,49486.244297533514
2953,PA,20171212,72697.46096682975
2954,PA,20171213,45658.800810060544
2955,PA,20171214,56599.89995101462
2956,PA,20171215,45011.939081290286
2957,PA,20171216,49081.56221723613
2958,PA,20171217,56468.87960460473
2959,PA,20171218,70624.38367197308
2960,PA,20171219,63887.9237943285
2961,PA,20171220,59852.054386160315
2962,PA,20171221,82093.2739620934
2963,PA,20171222,60573.96086160999
2964,PA,20171223,57446.675429855946
2965,PA,20171224,69081.03887293287
2966,PA,20171225,50802.67160590774
2967,PA,20171226,60217.82133082111
2968,PA,20171227,74404.17278235602
2969,PA,20171228,71941.87012946965
2970,PA,20171229,68279.21011761077
2971,PA,20171230,71428.4407122953
2972,PA,20171231,59620.305930212155
2973,PA,20180101,72995.92618093974
2974,PA,20180102,75853.25068811548
2975,PA,20180103,80671.23291922787
2976,PA,20180104,53758.323335203226
2977,PA,20180105,55849.554998026906
2978,PA,20180106,57610.6120219079
2979,PA,20180107,31158.953668461247
2980,PA,20180108,61793.907070032335
2981,PA,20180109,74160.82872250519
2982,PA,20180110,61334.92024440447
2983,PA,20180111,60113.571763960026
2984,PA,20180112,60347.77521445742
2985,PA,20180113,55575.53959006462
2986,PA,20180114,64240.18942705327
2987,PA,20180115,61641.48492835312
2988,PA,20180116,63096.21776502331
2989,PA,20180117,78974.81750477862
2990,PA,20180118,91770.50160594296
2991,PA,20180119,81757.70892750776
2992,PA,20180120,67120.21270746617
2993,PA,20180121,62688.33736838352
2994,PA,20180122,97523.29854727832
2995,PA,20180123,100371.02272072744
2996,PA,20180124,108471.55505719347
